Workbook

Sheet Introduction
C10: 1 | D10: Workload Information | E10: Use this worksheet to enter information about the Workload being assessed. Required Action: 1. Ensure that all required fields are filled with the necessary information.
C11: 2 | D11: Workload Inventory | E11: Use this worksheet to see all resources that are part of the workload. This includes all in-scope resources, including resource groups and subscriptions. No Required Action.
C12: 3 | D12: Analysis Planning | E12: Use this worksheet to coordinate your validation process, especially when collaborating with others. You can assign ownership for each Resource Type, view the number of resources per Resource Type, the number of impacted resources, and more. Required Action: 1. Ensure that all categories are fully validated and have a "Reviewed" status before running the Reports Generator script.
C13: 4 | D13: Impacted Resources and Recommentations | E13: This worksheet shows all in-scope impacted resources, that is, resources not following Microsoft recommendations for resiliency and reliability. Required Actions: Ensure all recommendations and resources associated with the following categories are reviewed: 1. Recommendation does not have automated validation. 2. ResourceType not available in APRL/Advisor. 3. Well-Architected Framework. 4. Azure Service Health - Service Retirements.
C14: 5 | D14: Platform Issues | E14: This worksheet shows all Azure Platform and Service Issues that are associated with the resources used by the workload. Required Actions: 1. Review the affected Azure Service, Date, Impact and Recommendations for each of Platform Issue. 2. For relevant Platform Issues (that really affected the workload), read the recommendations in field "What customers can do to avoid being affected", go to the Impacted Resources" worksheet, search for equivalent recommendations to associate with the Tracking ID of the Service Issue, or crrate a new recommendation(s) and associate with the necessary resource(s), or entire Subscription.
C15: 6 | D15: Support Requests | E15: This worksheet shows all Support Tickets opened by users for the Subscriptions associated with the workload. Required Actions: 1. Review the resolution and recommendations from Microsoft Support for each of the Support Tickets 2. For relevant Support Tickets, using the recommendations from the Microsoft Support team, add the recommendations to the "Recommendations and Impacted Resources" and associate with the necessary resource(s), or entire workload. Adapt the Title and all Recommendation fields if necessary to fit the 100 (Title) and 300 (Long Description) max characters.

Sheet 1.WorkloadInformation
A1: cc
B6: Information | C6: . | D6: Workload Data | F6: Example:
B7: Workload Name | C7: Required | F7: Contoso Hotels
B8: Azure Cloud | C8: Required | F8: Commercial / Government
B9: Primary Region | C9: Required | F9: EastUS
B10: Secondary/DR Region | C10: Required | F10: WestUS3
B11: Criticality for the Business | C11: Required | F11: Critical / High / Medium / Low
B12: Availability/DR Design Pattern | C12: Required | F12: Active-Active / Active-Passive (Cold / Warm Standy)
B13: SLA | C13: Required | F13: 99.00 / 99.90 / 99.95
B14: RPO | C14: Required | F14: Minutes / Hours
B15: RTO | C15: Required | F15: Minutes / Hours
B16: Top 1 Challenge/Pain point | C16: Optional
B17: Top 2 Challenge/Pain point | C17: Optional
B18: Top 3 Challenge/Pain point | C18: Optional

Sheet 2.WorkloadInventory
A12: id | B12: name | C12: type | D12: tenantId | E12: kind | F12: location | G12: resourceGroup | H12: subscriptionId | I12: managedBy | J12: sku | K12: plan | L12: zones
A13: /subscriptions/508d4c26-18a2-4b58-b83d-5535758910b0/resourceGroups/ADTSource/providers/Microsoft.AzureDataTransfer/connections/ADTSource0 | B13: ADTSource0 | C13: microsoft.azuredatatransfer/connections | D13: da667b97-c1f7-494e-b7ba-172131cd40d9 | F13: eastus | G13: adtsource | H13: 508d4c26-18a2-4b58-b83d-5535758910b0
A14: /subscriptions/508d4c26-18a2-4b58-b83d-5535758910b0/resourceGroups/Default-ActivityLogAlerts/providers/Microsoft.Insights/actiongroups/AGOwner | B14: AGOwner | C14: microsoft.insights/actiongroups | D14: da667b97-c1f7-494e-b7ba-172131cd40d9 | F14: global | G14: default-activitylogalerts | H14: 508d4c26-18a2-4b58-b83d-5535758910b0
A15: /subscriptions/508d4c26-18a2-4b58-b83d-5535758910b0/resourceGroups/mcapsgovernance/providers/Microsoft.EventGrid/systemTopics/mcapsb83d5535758910b0-84fe27b9-60c6-44e8-a98f-9de1efe22453 | B15: mcapsb83d5535758910b0-84fe27b9-60c6-44e8-a98f-9de1efe22453 | C15: microsoft.eventgrid/systemtopics | D15: da667b97-c1f7-494e-b7ba-172131cd40d9 | F15: westus2 | G15: mcapsgovernance | H15: 508d4c26-18a2-4b58-b83d-5535758910b0
A16: /subscriptions/508d4c26-18a2-4b58-b83d-5535758910b0/resourceGroups/McapsGovernance/providers/Microsoft.Storage/storageAccounts/mcapsb83d5535758910b0 | B16: mcapsb83d5535758910b0 | C16: microsoft.storage/storageaccounts | D16: da667b97-c1f7-494e-b7ba-172131cd40d9 | F16: westus2 | G16: mcapsgovernance | H16: 508d4c26-18a2-4b58-b83d-5535758910b0
A17: /subscriptions/508d4c26-18a2-4b58-b83d-5535758910b0/resourceGroups/monitoring/providers/Microsoft.EventGrid/systemTopics/pauharritest0sa-96613d94-50ef-4fe8-838b-cab034350066 | B17: pauharritest0sa-96613d94-50ef-4fe8-838b-cab034350066 | C17: microsoft.eventgrid/systemtopics | D17: da667b97-c1f7-494e-b7ba-172131cd40d9 | F17: eastus | G17: monitoring | H17: 508d4c26-18a2-4b58-b83d-5535758910b0
A18: /subscriptions/508d4c26-18a2-4b58-b83d-5535758910b0/resourceGroups/monitoring/providers/Microsoft.Insights/dataCollectionEndpoints/dce-mytestvm0-centralus-cfg | B18: dce-mytestvm0-centralus-cfg | C18: microsoft.insights/datacollectionendpoints | D18: da667b97-c1f7-494e-b7ba-172131cd40d9 | F18: centralus | G18: monitoring | H18: 508d4c26-18a2-4b58-b83d-5535758910b0
A19: /subscriptions/508d4c26-18a2-4b58-b83d-5535758910b0/resourceGroups/monitoring/providers/Microsoft.Insights/dataCollectionEndpoints/dce-mytestvm0-eastus | B19: dce-mytestvm0-eastus | C19: microsoft.insights/datacollectionendpoints | D19: da667b97-c1f7-494e-b7ba-172131cd40d9 | F19: eastus | G19: monitoring | H19: 508d4c26-18a2-4b58-b83d-5535758910b0
A20: /subscriptions/508d4c26-18a2-4b58-b83d-5535758910b0/resourceGroups/monitoring/providers/Microsoft.Insights/dataCollectionRules/ct-dcr-188645704-12406056 | B20: ct-dcr-188645704-12406056 | C20: microsoft.insights/datacollectionrules | D20: da667b97-c1f7-494e-b7ba-172131cd40d9 | F20: eastus | G20: monitoring | H20: 508d4c26-18a2-4b58-b83d-5535758910b0
A21: /subscriptions/508d4c26-18a2-4b58-b83d-5535758910b0/resourceGroups/monitoring/providers/Microsoft.Insights/privateLinkScopes/ampls-atofa | B21: ampls-atofa | C21: microsoft.insights/privatelinkscopes | D21: da667b97-c1f7-494e-b7ba-172131cd40d9 | F21: global | G21: monitoring | H21: 508d4c26-18a2-4b58-b83d-5535758910b0
A22: /subscriptions/508d4c26-18a2-4b58-b83d-5535758910b0/resourceGroups/monitoring/providers/Microsoft.OperationalInsights/workspaces/monitoring-law | B22: monitoring-law | C22: microsoft.operationalinsights/workspaces | D22: da667b97-c1f7-494e-b7ba-172131cd40d9 | F22: eastus | G22: monitoring | H22: 508d4c26-18a2-4b58-b83d-5535758910b0
A23: /subscriptions/508d4c26-18a2-4b58-b83d-5535758910b0/resourceGroups/monitoring/providers/Microsoft.OperationsManagement/solutions/ChangeTracking(monitoring-law) | B23: ChangeTracking(monitoring-law) | C23: microsoft.operationsmanagement/solutions | D23: da667b97-c1f7-494e-b7ba-172131cd40d9 | F23: eastus | G23: monitoring | H23: 508d4c26-18a2-4b58-b83d-5535758910b0
A24: /subscriptions/508d4c26-18a2-4b58-b83d-5535758910b0/resourceGroups/monitoring/providers/Microsoft.OperationsManagement/solutions/SecurityInsights(monitoring-law) | B24: SecurityInsights(monitoring-law) | C24: microsoft.operationsmanagement/solutions | D24: da667b97-c1f7-494e-b7ba-172131cd40d9 | F24: eastus | G24: monitoring | H24: 508d4c26-18a2-4b58-b83d-5535758910b0
... A42: /subscriptions/508d4c26-18a2-4b58-b83d-5535758910b0/resourceGroups/tenantNSGSub1/providers/Microsoft.Network/networkSecurityGroups/tenantNSGSub1 | B42: tenantNSGSub1 | C42: microsoft.network/networksecuritygroups | D42: da667b97-c1f7-494e-b7ba-172131cd40d9 | F42: centralus | G42: tenantnsgsub1 | H42: 508d4c26-18a2-4b58-b83d-5535758910b0

Sheet 3.AnalysisPlanning
A1: =COUNTIFS('4.ImpactedResourcesAnalysis'!A:A,"Reviewed") -> 28
A2: =COUNTIFS('4.ImpactedResourcesAnalysis'!A:A,"<>Reviewed",'4.ImpactedResourcesAnalysis'!A:A,"<>")-1 -> 61
A3: =COUNTIFS('5.PlatformIssuesAnalysis'!A:A,"Reviewed") -> 0
A4: =COUNTIFS('5.PlatformIssuesAnalysis'!A:A,"<>Reviewed",'5.PlatformIssuesAnalysis'!A:A,"<>")-1 -> 1
A5: =COUNTIFS('6.SupportRequestsAnalysis'!A:A,"Reviewed") -> 0
A6: =COUNTIFS('6.SupportRequestsAnalysis'!A:A,"<>Reviewed",'6.SupportRequestsAnalysis'!A:A,"<>")-1 -> 1
A10: Category | B10: Resource Type | C10: Number of Resources | D10: Impacted Resources | E10: Has Recommendations in APRL/Advisor | F10: Assessment Owner | G10: Assessment Status | H10: Notes
A11: Impacted Resources | B11: microsoft.cognitiveservices/accounts | C11: {=COUNTA(_xlfn.UNIQUE(_xlfn.VSTACK(_xlfn._xlws.FILTER('2.WorkloadInventory'!A:A, '2.WorkloadInventory'!C:C = TableTypes8[[#This Row],[Resource Type]]), _xlfn._xlws.FILTER('2.WorkloadInventory'!A:A, '2.WorkloadInventory'!C:C = TableTypes8[[#This Row],[Resource Type]]))))} -> 2 | D11: {=IF(COUNTIF('4.ImpactedResourcesAnalysis'!C:C, TableTypes8[[#This Row],[Resource Type]])=0, 0, COUNTA(_xlfn.UNIQUE(_xlfn._xlws.FILTER('4.ImpactedResourcesAnalysis'!H:H, ('4.ImpactedResourcesAnalysis'!C:C=TableTypes8[[#This Row],[Resource Type]]) * ('4.ImpactedResourcesAnalysis'!H:H<>"Get ResourceID from Azure Portal")))))} -> 2 | E11: Yes | G11: =IF(OR(AND(TableTypes8[[#This Row],[Category]]="Support Requests", COUNTIFS('6.SupportRequestsAnalysis'!A:A, "<>Reviewed")=0),AND(TableTypes8[[#This Row],[Category]]="Platform Issues", COUNTIFS('5.PlatformIssuesAnalysis'!A:A, "<>Reviewed")=0),AND(TableTypes8[[#This Row],[Category]]="Impacted Resources", COUNTIFS('4.ImpactedResourcesAnalysis'!A:A, "<>Reviewed", '4.ImpactedResourcesAnalysis'!C:C, TableTypes8[[#This Row],[Resource Type]], '4.ImpactedResourcesAnalysis'!O:O, "<>Low")=0)), "Reviewed", "Pending") -> Pending
A12: Impacted Resources | B12: Microsoft.DocumentDB/databaseAccounts | C12: {=COUNTA(_xlfn.UNIQUE(_xlfn.VSTACK(_xlfn._xlws.FILTER('2.WorkloadInventory'!A:A, '2.WorkloadInventory'!C:C = TableTypes8[[#This Row],[Resource Type]]), _xlfn._xlws.FILTER('2.WorkloadInventory'!A:A, '2.WorkloadInventory'!C:C = TableTypes8[[#This Row],[Resource Type]]))))} -> 1 | D12: {=IF(COUNTIF('4.ImpactedResourcesAnalysis'!C:C, TableTypes8[[#This Row],[Resource Type]])=0, 0, COUNTA(_xlfn.UNIQUE(_xlfn._xlws.FILTER('4.ImpactedResourcesAnalysis'!H:H, ('4.ImpactedResourcesAnalysis'!C:C=TableTypes8[[#This Row],[Resource Type]]) * ('4.ImpactedResourcesAnalysis'!H:H<>"Get ResourceID from Azure Portal")))))} -> 1 | E12: Yes | G12: =IF(OR(AND(TableTypes8[[#This Row],[Category]]="Support Requests", COUNTIFS('6.SupportRequestsAnalysis'!A:A, "<>Reviewed")=0),AND(TableTypes8[[#This Row],[Category]]="Platform Issues", COUNTIFS('5.PlatformIssuesAnalysis'!A:A, "<>Reviewed")=0),AND(TableTypes8[[#This Row],[Category]]="Impacted Resources", COUNTIFS('4.ImpactedResourcesAnalysis'!A:A, "<>Reviewed", '4.ImpactedResourcesAnalysis'!C:C, TableTypes8[[#This Row],[Resource Type]], '4.ImpactedResourcesAnalysis'!O:O, "<>Low")=0)), "Reviewed", "Pending") -> Pending
A13: Impacted Resources | B13: microsoft.eventgrid/systemtopics | C13: {=COUNTA(_xlfn.UNIQUE(_xlfn.VSTACK(_xlfn._xlws.FILTER('2.WorkloadInventory'!A:A, '2.WorkloadInventory'!C:C = TableTypes8[[#This Row],[Resource Type]]), _xlfn._xlws.FILTER('2.WorkloadInventory'!A:A, '2.WorkloadInventory'!C:C = TableTypes8[[#This Row],[Resource Type]]))))} -> 3 | D13: {=IF(COUNTIF('4.ImpactedResourcesAnalysis'!C:C, TableTypes8[[#This Row],[Resource Type]])=0, 0, COUNTA(_xlfn.UNIQUE(_xlfn._xlws.FILTER('4.ImpactedResourcesAnalysis'!H:H, ('4.ImpactedResourcesAnalysis'!C:C=TableTypes8[[#This Row],[Resource Type]]) * ('4.ImpactedResourcesAnalysis'!H:H<>"Get ResourceID from Azure Portal")))))} -> 3 | E13: No | G13: =IF(OR(AND(TableTypes8[[#This Row],[Category]]="Support Requests", COUNTIFS('6.SupportRequestsAnalysis'!A:A, "<>Reviewed")=0),AND(TableTypes8[[#This Row],[Category]]="Platform Issues", COUNTIFS('5.PlatformIssuesAnalysis'!A:A, "<>Reviewed")=0),AND(TableTypes8[[#This Row],[Category]]="Impacted Resources", COUNTIFS('4.ImpactedResourcesAnalysis'!A:A, "<>Reviewed", '4.ImpactedResourcesAnalysis'!C:C, TableTypes8[[#This Row],[Resource Type]], '4.ImpactedResourcesAnalysis'!O:O, "<>Low")=0)), "Reviewed", "Pending") -> Reviewed
A14: Impacted Resources | B14: Microsoft.Network/networkSecurityGroups | C14: {=COUNTA(_xlfn.UNIQUE(_xlfn.VSTACK(_xlfn._xlws.FILTER('2.WorkloadInventory'!A:A, '2.WorkloadInventory'!C:C = TableTypes8[[#This Row],[Resource Type]]), _xlfn._xlws.FILTER('2.WorkloadInventory'!A:A, '2.WorkloadInventory'!C:C = TableTypes8[[#This Row],[Resource Type]]))))} -> 2 | D14: {=IF(COUNTIF('4.ImpactedResourcesAnalysis'!C:C, TableTypes8[[#This Row],[Resource Type]])=0, 0, COUNTA(_xlfn.UNIQUE(_xlfn._xlws.FILTER('4.ImpactedResourcesAnalysis'!H:H, ('4.ImpactedResourcesAnalysis'!C:C=TableTypes8[[#This Row],[Resource Type]]) * ('4.ImpactedResourcesAnalysis'!H:H<>"Get ResourceID from Azure Portal")))))} -> 2 | E14: Yes | G14: =IF(OR(AND(TableTypes8[[#This Row],[Category]]="Support Requests", COUNTIFS('6.SupportRequestsAnalysis'!A:A, "<>Reviewed")=0),AND(TableTypes8[[#This Row],[Category]]="Platform Issues", COUNTIFS('5.PlatformIssuesAnalysis'!A:A, "<>Reviewed")=0),AND(TableTypes8[[#This Row],[Category]]="Impacted Resources", COUNTIFS('4.ImpactedResourcesAnalysis'!A:A, "<>Reviewed", '4.ImpactedResourcesAnalysis'!C:C, TableTypes8[[#This Row],[Resource Type]], '4.ImpactedResourcesAnalysis'!O:O, "<>Low")=0)), "Reviewed", "Pending") -> Pending
A15: Impacted Resources | B15: microsoft.network/networkwatchers | C15: {=COUNTA(_xlfn.UNIQUE(_xlfn.VSTACK(_xlfn._xlws.FILTER('2.WorkloadInventory'!A:A, '2.WorkloadInventory'!C:C = TableTypes8[[#This Row],[Resource Type]]), _xlfn._xlws.FILTER('2.WorkloadInventory'!A:A, '2.WorkloadInventory'!C:C = TableTypes8[[#This Row],[Resource Type]]))))} -> 2 | D15: {=IF(COUNTIF('4.ImpactedResourcesAnalysis'!C:C, TableTypes8[[#This Row],[Resource Type]])=0, 0, COUNTA(_xlfn.UNIQUE(_xlfn._xlws.FILTER('4.ImpactedResourcesAnalysis'!H:H, ('4.ImpactedResourcesAnalysis'!C:C=TableTypes8[[#This Row],[Resource Type]]) * ('4.ImpactedResourcesAnalysis'!H:H<>"Get ResourceID from Azure Portal")))))} -> 2 | E15: Yes | G15: =IF(OR(AND(TableTypes8[[#This Row],[Category]]="Support Requests", COUNTIFS('6.SupportRequestsAnalysis'!A:A, "<>Reviewed")=0),AND(TableTypes8[[#This Row],[Category]]="Platform Issues", COUNTIFS('5.PlatformIssuesAnalysis'!A:A, "<>Reviewed")=0),AND(TableTypes8[[#This Row],[Category]]="Impacted Resources", COUNTIFS('4.ImpactedResourcesAnalysis'!A:A, "<>Reviewed", '4.ImpactedResourcesAnalysis'!C:C, TableTypes8[[#This Row],[Resource Type]], '4.ImpactedResourcesAnalysis'!O:O, "<>Low")=0)), "Reviewed", "Pending") -> Pending
A16: Impacted Resources | B16: Microsoft.Network/virtualNetworks | C16: {=COUNTA(_xlfn.UNIQUE(_xlfn.VSTACK(_xlfn._xlws.FILTER('2.WorkloadInventory'!A:A, '2.WorkloadInventory'!C:C = TableTypes8[[#This Row],[Resource Type]]), _xlfn._xlws.FILTER('2.WorkloadInventory'!A:A, '2.WorkloadInventory'!C:C = TableTypes8[[#This Row],[Resource Type]]))))} -> 4 | D16: {=IF(COUNTIF('4.ImpactedResourcesAnalysis'!C:C, TableTypes8[[#This Row],[Resource Type]])=0, 0, COUNTA(_xlfn.UNIQUE(_xlfn._xlws.FILTER('4.ImpactedResourcesAnalysis'!H:H, ('4.ImpactedResourcesAnalysis'!C:C=TableTypes8[[#This Row],[Resource Type]]) * ('4.ImpactedResourcesAnalysis'!H:H<>"Get ResourceID from Azure Portal")))))} -> 4 | E16: Yes | G16: =IF(OR(AND(TableTypes8[[#This Row],[Category]]="Support Requests", COUNTIFS('6.SupportRequestsAnalysis'!A:A, "<>Reviewed")=0),AND(TableTypes8[[#This Row],[Category]]="Platform Issues", COUNTIFS('5.PlatformIssuesAnalysis'!A:A, "<>Reviewed")=0),AND(TableTypes8[[#This Row],[Category]]="Impacted Resources", COUNTIFS('4.ImpactedResourcesAnalysis'!A:A, "<>Reviewed", '4.ImpactedResourcesAnalysis'!C:C, TableTypes8[[#This Row],[Resource Type]], '4.ImpactedResourcesAnalysis'!O:O, "<>Low")=0)), "Reviewed", "Pending") -> Reviewed
A17: Impacted Resources | B17: microsoft.operationalinsights/workspaces | C17: {=COUNTA(_xlfn.UNIQUE(_xlfn.VSTACK(_xlfn._xlws.FILTER('2.WorkloadInventory'!A:A, '2.WorkloadInventory'!C:C = TableTypes8[[#This Row],[Resource Type]]), _xlfn._xlws.FILTER('2.WorkloadInventory'!A:A, '2.WorkloadInventory'!C:C = TableTypes8[[#This Row],[Resource Type]]))))} -> 1 | D17: {=IF(COUNTIF('4.ImpactedResourcesAnalysis'!C:C, TableTypes8[[#This Row],[Resource Type]])=0, 0, COUNTA(_xlfn.UNIQUE(_xlfn._xlws.FILTER('4.ImpactedResourcesAnalysis'!H:H, ('4.ImpactedResourcesAnalysis'!C:C=TableTypes8[[#This Row],[Resource Type]]) * ('4.ImpactedResourcesAnalysis'!H:H<>"Get ResourceID from Azure Portal")))))} -> 1 | E17: Yes | G17: =IF(OR(AND(TableTypes8[[#This Row],[Category]]="Support Requests", COUNTIFS('6.SupportRequestsAnalysis'!A:A, "<>Reviewed")=0),AND(TableTypes8[[#This Row],[Category]]="Platform Issues", COUNTIFS('5.PlatformIssuesAnalysis'!A:A, "<>Reviewed")=0),AND(TableTypes8[[#This Row],[Category]]="Impacted Resources", COUNTIFS('4.ImpactedResourcesAnalysis'!A:A, "<>Reviewed", '4.ImpactedResourcesAnalysis'!C:C, TableTypes8[[#This Row],[Resource Type]], '4.ImpactedResourcesAnalysis'!O:O, "<>Low")=0)), "Reviewed", "Pending") -> Pending
A18: Impacted Resources | B18: Microsoft.Search/searchServices | C18: {=COUNTA(_xlfn.UNIQUE(_xlfn.VSTACK(_xlfn._xlws.FILTER('2.WorkloadInventory'!A:A, '2.WorkloadInventory'!C:C = TableTypes8[[#This Row],[Resource Type]]), _xlfn._xlws.FILTER('2.WorkloadInventory'!A:A, '2.WorkloadInventory'!C:C = TableTypes8[[#This Row],[Resource Type]]))))} -> 1 | D18: {=IF(COUNTIF('4.ImpactedResourcesAnalysis'!C:C, TableTypes8[[#This Row],[Resource Type]])=0, 0, COUNTA(_xlfn.UNIQUE(_xlfn._xlws.FILTER('4.ImpactedResourcesAnalysis'!H:H, ('4.ImpactedResourcesAnalysis'!C:C=TableTypes8[[#This Row],[Resource Type]]) * ('4.ImpactedResourcesAnalysis'!H:H<>"Get ResourceID from Azure Portal")))))} -> 1 | E18: Yes | G18: =IF(OR(AND(TableTypes8[[#This Row],[Category]]="Support Requests", COUNTIFS('6.SupportRequestsAnalysis'!A:A, "<>Reviewed")=0),AND(TableTypes8[[#This Row],[Category]]="Platform Issues", COUNTIFS('5.PlatformIssuesAnalysis'!A:A, "<>Reviewed")=0),AND(TableTypes8[[#This Row],[Category]]="Impacted Resources", COUNTIFS('4.ImpactedResourcesAnalysis'!A:A, "<>Reviewed", '4.ImpactedResourcesAnalysis'!C:C, TableTypes8[[#This Row],[Resource Type]], '4.ImpactedResourcesAnalysis'!O:O, "<>Low")=0)), "Reviewed", "Pending") -> Pending
A19: Impacted Resources | B19: Microsoft.Storage/storageAccounts | C19: {=COUNTA(_xlfn.UNIQUE(_xlfn.VSTACK(_xlfn._xlws.FILTER('2.WorkloadInventory'!A:A, '2.WorkloadInventory'!C:C = TableTypes8[[#This Row],[Resource Type]]), _xlfn._xlws.FILTER('2.WorkloadInventory'!A:A, '2.WorkloadInventory'!C:C = TableTypes8[[#This Row],[Resource Type]]))))} -> 3 | D19: {=IF(COUNTIF('4.ImpactedResourcesAnalysis'!C:C, TableTypes8[[#This Row],[Resource Type]])=0, 0, COUNTA(_xlfn.UNIQUE(_xlfn._xlws.FILTER('4.ImpactedResourcesAnalysis'!H:H, ('4.ImpactedResourcesAnalysis'!C:C=TableTypes8[[#This Row],[Resource Type]]) * ('4.ImpactedResourcesAnalysis'!H:H<>"Get ResourceID from Azure Portal")))))} -> 3 | E19: Yes | G19: =IF(OR(AND(TableTypes8[[#This Row],[Category]]="Support Requests", COUNTIFS('6.SupportRequestsAnalysis'!A:A, "<>Reviewed")=0),AND(TableTypes8[[#This Row],[Category]]="Platform Issues", COUNTIFS('5.PlatformIssuesAnalysis'!A:A, "<>Reviewed")=0),AND(TableTypes8[[#This Row],[Category]]="Impacted Resources", COUNTIFS('4.ImpactedResourcesAnalysis'!A:A, "<>Reviewed", '4.ImpactedResourcesAnalysis'!C:C, TableTypes8[[#This Row],[Resource Type]], '4.ImpactedResourcesAnalysis'!O:O, "<>Low")=0)), "Reviewed", "Pending") -> Reviewed
A20: Impacted Resources | B20: microsoft.web/serverfarms | C20: {=COUNTA(_xlfn.UNIQUE(_xlfn.VSTACK(_xlfn._xlws.FILTER('2.WorkloadInventory'!A:A, '2.WorkloadInventory'!C:C = TableTypes8[[#This Row],[Resource Type]]), _xlfn._xlws.FILTER('2.WorkloadInventory'!A:A, '2.WorkloadInventory'!C:C = TableTypes8[[#This Row],[Resource Type]]))))} -> 1 | D20: {=IF(COUNTIF('4.ImpactedResourcesAnalysis'!C:C, TableTypes8[[#This Row],[Resource Type]])=0, 0, COUNTA(_xlfn.UNIQUE(_xlfn._xlws.FILTER('4.ImpactedResourcesAnalysis'!H:H, ('4.ImpactedResourcesAnalysis'!C:C=TableTypes8[[#This Row],[Resource Type]]) * ('4.ImpactedResourcesAnalysis'!H:H<>"Get ResourceID from Azure Portal")))))} -> 1 | E20: Yes | G20: =IF(OR(AND(TableTypes8[[#This Row],[Category]]="Support Requests", COUNTIFS('6.SupportRequestsAnalysis'!A:A, "<>Reviewed")=0),AND(TableTypes8[[#This Row],[Category]]="Platform Issues", COUNTIFS('5.PlatformIssuesAnalysis'!A:A, "<>Reviewed")=0),AND(TableTypes8[[#This Row],[Category]]="Impacted Resources", COUNTIFS('4.ImpactedResourcesAnalysis'!A:A, "<>Reviewed", '4.ImpactedResourcesAnalysis'!C:C, TableTypes8[[#This Row],[Resource Type]], '4.ImpactedResourcesAnalysis'!O:O, "<>Low")=0)), "Reviewed", "Pending") -> Pending
A21: Impacted Resources | B21: Microsoft.Web/sites | C21: {=COUNTA(_xlfn.UNIQUE(_xlfn.VSTACK(_xlfn._xlws.FILTER('2.WorkloadInventory'!A:A, '2.WorkloadInventory'!C:C = TableTypes8[[#This Row],[Resource Type]]), _xlfn._xlws.FILTER('2.WorkloadInventory'!A:A, '2.WorkloadInventory'!C:C = TableTypes8[[#This Row],[Resource Type]]))))} -> 1 | D21: {=IF(COUNTIF('4.ImpactedResourcesAnalysis'!C:C, TableTypes8[[#This Row],[Resource Type]])=0, 0, COUNTA(_xlfn.UNIQUE(_xlfn._xlws.FILTER('4.ImpactedResourcesAnalysis'!H:H, ('4.ImpactedResourcesAnalysis'!C:C=TableTypes8[[#This Row],[Resource Type]]) * ('4.ImpactedResourcesAnalysis'!H:H<>"Get ResourceID from Azure Portal")))))} -> 2 | E21: Yes | G21: =IF(OR(AND(TableTypes8[[#This Row],[Category]]="Support Requests", COUNTIFS('6.SupportRequestsAnalysis'!A:A, "<>Reviewed")=0),AND(TableTypes8[[#This Row],[Category]]="Platform Issues", COUNTIFS('5.PlatformIssuesAnalysis'!A:A, "<>Reviewed")=0),AND(TableTypes8[[#This Row],[Category]]="Impacted Resources", COUNTIFS('4.ImpactedResourcesAnalysis'!A:A, "<>Reviewed", '4.ImpactedResourcesAnalysis'!C:C, TableTypes8[[#This Row],[Resource Type]], '4.ImpactedResourcesAnalysis'!O:O, "<>Low")=0)), "Reviewed", "Pending") -> Pending
A22: Support Requests | B22: N/A | C22: n/a | D22: n/a | E22: Yes | G22: Pending
A23: Platform Issues | B23: N/A | C23: n/a | D23: n/a | E23: Yes | G23: Pending

Sheet 4.ImpactedResourcesAnalysis
C4: Reviewed | D4: =COUNTIF(A:A,"Reviewed") -> 28
C5: Pending (High/Medium) | D5: =COUNTIFS(A:A,"<>Reviewed",A:A,"<>",O:O,"<>Low")-1 -> 42
C6: Pending (Low) | D6: =COUNTIFS(A:A,"<>Reviewed",A:A,"<>",O:O,"Low") -> 19
C7: Total | D7: =SUM(D4:D6) -> 89
D10: Resource information block | N10: Recommendation information block | X10: Additional information block
G11: Required | H11: Required | N11: Required | O11: Required | P11: Required | Q11: Required | R11: Required | S11: Required
A12: REQUIRED ACTIONS / REVIEW STATUS | B12: ValidationCategory | C12: Resource Type | D12: subscriptionId | E12: resourceGroup | F12: location | G12: name | H12: id | I12: custom1 | J12: custom2 | K12: custom3 | L12: custom4 | M12: custom5 | N12: Recommendation Title | O12: Impact | P12: Recommendation Control | Q12: Potential Benefit | R12: Learn More Link | S12: Long Description | T12: Guid | U12: Category | V12: Source | W12: WAF Pillar | X12: Platform Issue TrackingId | Y12: Retirement TrackingId | Z12: Support Request Number | AA12: Notes | AB12: checkName
A13: REQUIRED ACTIONS: Recommendation does not have automated validation._x000D_ This recommendation does not have automated validation. Since it cannot be validated automatically, follow these steps:_x000D_ 1. Review the Recommendation Title and Description to understand the recommendation. Use the "Read More" links for additional information._x000D_ 2. Open the Azure Portal and locate the potentially impacted resource using its Resource Name or ResourceId._x000D_ 3. Manually validate the resource._x000D_ 4. If the resource is not compliant with the recommendation, update this cell to "Reviewed"._x000D_ or_x000D_ 5. Delete this row if the resource is irrelevant or already compliant with the recommendation. | B13: Resource | C13: Microsoft.Web/sites | D13: 508d4c26-18a2-4b58-b83d-5535758910b0 | E13: scaa0 | F13: eastus2 | G13: app-scaa0-eus2-dev-zzhkrt | H13: /subscriptions/508d4c26-18a2-4b58-b83d-5535758910b0/resourceGroups/scaa0/providers/Microsoft.Web/sites/app-scaa0-eus2-dev-zzhkrt | N13: Enable diagnostics logging | O13: Low | P13: Monitoring And Alerting | Q13: Monitoring and Alerting | R13: https://learn.microsoft.com/azure/app-service/troubleshoot-diagnostic-logs | S13: Enabling diagnostics logging for your Azure App Service is crucial for monitoring and diagnostics, including both application logging and web server logging. | T13: 493f6079-3bb6-4a56-96ba-ab3248474cb1 | U13: Azure Service | V13: APRL | W13: Reliability
A14: REQUIRED ACTIONS: Recommendation does not have automated validation._x000D_ This recommendation does not have automated validation. Since it cannot be validated automatically, follow these steps:_x000D_ 1. Review the Recommendation Title and Description to understand the recommendation. Use the "Read More" links for additional information._x000D_ 2. Open the Azure Portal and locate the potentially impacted resource using its Resource Name or ResourceId._x000D_ 3. Manually validate the resource._x000D_ 4. If the resource is not compliant with the recommendation, update this cell to "Reviewed"._x000D_ or_x000D_ 5. Delete this row if the resource is irrelevant or already compliant with the recommendation. | B14: Resource | C14: Microsoft.Web/sites | D14: 508d4c26-18a2-4b58-b83d-5535758910b0 | E14: scaa0 | F14: eastus2 | G14: app-scaa0-eus2-dev-zzhkrt | H14: /subscriptions/508d4c26-18a2-4b58-b83d-5535758910b0/resourceGroups/scaa0/providers/Microsoft.Web/sites/app-scaa0-eus2-dev-zzhkrt | N14: Monitor Performance | O14: High | P14: Monitoring And Alerting | Q14: Real-time insights and issue diagnosis | R14: https://learn.microsoft.com/azure/application-insights/app-insights-overview | S14: Use Application Insights to monitor app performance and load behavior, offering real-time insights, issue diagnosis, and root-cause analysis. It supports ASP.NET, ASP.NET Core, Java, and Node.js on Azure App Service, now with built-in monitoring. | T14: a7e8bb3d-8ceb-442d-b26f-007cd63f9ffc | U14: Azure Service | V14: APRL | W14: Reliability
A15: REQUIRED ACTIONS: Recommendation does not have automated validation._x000D_ This recommendation does not have automated validation. Since it cannot be validated automatically, follow these steps:_x000D_ 1. Review the Recommendation Title and Description to understand the recommendation. Use the "Read More" links for additional information._x000D_ 2. Open the Azure Portal and locate the potentially impacted resource using its Resource Name or ResourceId._x000D_ 3. Manually validate the resource._x000D_ 4. If the resource is not compliant with the recommendation, update this cell to "Reviewed"._x000D_ or_x000D_ 5. Delete this row if the resource is irrelevant or already compliant with the recommendation. | B15: Resource | C15: Microsoft.Web/sites | D15: 508d4c26-18a2-4b58-b83d-5535758910b0 | E15: scaa0 | F15: eastus2 | G15: app-scaa0-eus2-dev-zzhkrt | H15: /subscriptions/508d4c26-18a2-4b58-b83d-5535758910b0/resourceGroups/scaa0/providers/Microsoft.Web/sites/app-scaa0-eus2-dev-zzhkrt | N15: Separate web apps from web APIs | O15: Low | P15: Scalability | Q15: Independent scaling, easier management | R15: https://learn.microsoft.com/azure/architecture/checklist/resiliency-per-service#app-service | S15: If your solution includes both a web front end and a web API, decomposing them into separate App Service apps facilitates solution decomposition by workload, allowing for independent scaling. Initially, you can deploy both in the same plan and separate them for independent scaling when necessary. | T15: 78a5c033-ff51-4332-8a71-83464c34494b | U15: Azure Service | V15: APRL | W15: Reliability
A16: REQUIRED ACTIONS: Recommendation does not have automated validation._x000D_ This recommendation does not have automated validation. Since it cannot be validated automatically, follow these steps:_x000D_ 1. Review the Recommendation Title and Description to understand the recommendation. Use the "Read More" links for additional information._x000D_ 2. Open the Azure Portal and locate the potentially impacted resource using its Resource Name or ResourceId._x000D_ 3. Manually validate the resource._x000D_ 4. If the resource is not compliant with the recommendation, update this cell to "Reviewed"._x000D_ or_x000D_ 5. Delete this row if the resource is irrelevant or already compliant with the recommendation. | B16: Resource | C16: Microsoft.Web/sites | D16: 508d4c26-18a2-4b58-b83d-5535758910b0 | E16: scaa0 | F16: eastus2 | G16: app-scaa0-eus2-dev-zzhkrt | H16: /subscriptions/508d4c26-18a2-4b58-b83d-5535758910b0/resourceGroups/scaa0/providers/Microsoft.Web/sites/app-scaa0-eus2-dev-zzhkrt | N16: Create a separate storage account for logs | O16: Medium | P16: Scalability | Q16: Improves app performance | R16: https://learn.microsoft.com/azure/architecture/checklist/resiliency-per-service#app-service | S16: Creating a separate storage account for logs and not using the same one for application data prevents logging activities from reducing application performance by ensuring that the resources dedicated to handling application data are not burdened by logging processes. | T16: 3f9ddb59-0bb3-4acb-9c9b-99aa1776f0ab | U16: Azure Service | V16: APRL | W16: Reliability
A17: Reviewed | B17: Resource | C17: Microsoft.Web/sites | D17: 508d4c26-18a2-4b58-b83d-5535758910b0 | E17: scaa0 | F17: eastus2 | G17: app-scaa0-eus2-dev-zzhkrt | H17: /subscriptions/508d4c26-18a2-4b58-b83d-5535758910b0/resourceGroups/scaa0/providers/Microsoft.Web/sites/app-scaa0-eus2-dev-zzhkrt | I17: AppSettings is not configured | N17: Store configuration as app settings for Web Sites | O17: Medium | P17: Other Best Practices | Q17: Enhanced reliability via automation | R17: https://learn.microsoft.com/azure/app-service-web/web-sites-configure | S17: Use app settings for configuration and define them in Resource Manager templates or via PowerShell to facilitate part of an automated deployment/update process for improved reliability. | T17: 0b80b67c-afbe-4988-ad58-a85a146b681e | U17: Azure Service | V17: APRL | W17: Reliability
A18: Reviewed | B18: Resource | C18: Microsoft.Web/sites | D18: 508d4c26-18a2-4b58-b83d-5535758910b0 | E18: scaa0 | F18: eastus2 | G18: app-scaa0-eus2-dev-zzhkrt | H18: /subscriptions/508d4c26-18a2-4b58-b83d-5535758910b0/resourceGroups/scaa0/providers/Microsoft.Web/sites/app-scaa0-eus2-dev-zzhkrt | I18: Healthcheckpath = not set | N18: Enable Health check for App Services | O18: High | P18: Other Best Practices | Q18: Enhanced reliability via automation | R18: https://learn.microsoft.com/azure/app-service/monitor-instances-health-check?tabs=dotnet#enable-health-check | S18: Use Health Check for production workloads. Health check increases your application's availability by rerouting requests away from unhealthy instances, and replacing instances if they remain unhealthy. The Health check path should check critical components of your application. | T18: fd049c28-ae6d-48f0-a641-cc3ba1a3fe1d | U18: Azure Service | V18: APRL | W18: Reliability
A19: REQUIRED ACTIONS: Recommendation does not have automated validation._x000D_ This recommendation does not have automated validation. Since it cannot be validated automatically, follow these steps:_x000D_ 1. Review the Recommendation Title and Description to understand the recommendation. Use the "Read More" links for additional information._x000D_ 2. Open the Azure Portal and locate the potentially impacted resource using its Resource Name or ResourceId._x000D_ 3. Manually validate the resource._x000D_ 4. If the resource is not compliant with the recommendation, update this cell to "Reviewed"._x000D_ or_x000D_ 5. Delete this row if the resource is irrelevant or already compliant with the recommendation. | B19: Resource | C19: Microsoft.Web/sites | D19: 508d4c26-18a2-4b58-b83d-5535758910b0 | E19: scaa0 | F19: eastus2 | G19: app-scaa0-eus2-dev-zzhkrt | H19: /subscriptions/508d4c26-18a2-4b58-b83d-5535758910b0/resourceGroups/scaa0/providers/Microsoft.Web/sites/app-scaa0-eus2-dev-zzhkrt | N19: No warmup trigger added to Function App | O19: Medium | P19: Monitoring And Alerting | Q19: Improved app availability | R19: https://learn.microsoft.com/azure/azure-functions/functions-bindings-warmup?tabs=in-process%2Cnodejs-v4&pivots=programming-language-csharp#trigger | S19: Add a warmup trigger to pre-load custom dependencies during the pre-warming process so that your functions are ready to start processing requests immediately. | T19: 52f368ee-1d77-4b34-92db-64be269642d0 | U19: Azure Service | V19: APRL | W19: Reliability
A20: REQUIRED ACTIONS: Recommendation does not have automated validation._x000D_ This recommendation does not have automated validation. Since it cannot be validated automatically, follow these steps:_x000D_ 1. Review the Recommendation Title and Description to understand the recommendation. Use the "Read More" links for additional information._x000D_ 2. Open the Azure Portal and locate the potentially impacted resource using its Resource Name or ResourceId._x000D_ 3. Manually validate the resource._x000D_ 4. If the resource is not compliant with the recommendation, update this cell to "Reviewed"._x000D_ or_x000D_ 5. Delete this row if the resource is irrelevant or already compliant with the recommendation. | B20: Resource | C20: Microsoft.Web/sites | D20: 508d4c26-18a2-4b58-b83d-5535758910b0 | E20: scaa0 | F20: eastus2 | G20: app-scaa0-eus2-dev-zzhkrt | H20: /subscriptions/508d4c26-18a2-4b58-b83d-5535758910b0/resourceGroups/scaa0/providers/Microsoft.Web/sites/app-scaa0-eus2-dev-zzhkrt | N20: Ensure unique hostid set for Function App | O20: Low | P20: Other Best Practices | Q20: Easier management | R20: https://learn.microsoft.com/azure/azure-resource-manager/management/resource-name-rules | S20: A host ID must be between 1 and 32 characters, contain only lowercase letters, numbers, and dashes, not start or end with a dash, and not contain consecutive dashes. The host ID value should be unique for all apps/slots you're running. | T20: 0b06a688-0dd6-4d73-9f72-6666ff853ca9 | U20: Azure Service | V20: APRL | W20: Reliability
A21: REQUIRED ACTIONS: Recommendation does not have automated validation._x000D_ This recommendation does not have automated validation. Since it cannot be validated automatically, follow these steps:_x000D_ 1. Review the Recommendation Title and Description to understand the recommendation. Use the "Read More" links for additional information._x000D_ 2. Open the Azure Portal and locate the potentially impacted resource using its Resource Name or ResourceId._x000D_ 3. Manually validate the resource._x000D_ 4. If the resource is not compliant with the recommendation, update this cell to "Reviewed"._x000D_ or_x000D_ 5. Delete this row if the resource is irrelevant or already compliant with the recommendation. | B21: Resource | C21: Microsoft.Web/sites | D21: 508d4c26-18a2-4b58-b83d-5535758910b0 | E21: scaa0 | F21: eastus2 | G21: app-scaa0-eus2-dev-zzhkrt | H21: /subscriptions/508d4c26-18a2-4b58-b83d-5535758910b0/resourceGroups/scaa0/providers/Microsoft.Web/sites/app-scaa0-eus2-dev-zzhkrt | N21: Ensure Function App runs a supported version | O21: Medium | P21: Other Best Practices | Q21: Better governance | R21: https://learn.microsoft.com/azure/azure-functions/migrate-version-3-version-4?tabs=net6-in-proc%2Cazure-cli%2Cwindows&pivots=programming-language-csharp | S21: Beginning on December 13, 2022, function apps running on versions 2.x and 3.x of the Azure Functions runtime have reached the end of life (EOL) of extended support. We highly recommend you migrating your function apps to version 4.x of the Functions runtime. | T21: c9a278b7-024b-454b-bd54-41587c512b74 | U21: Azure Service | V21: APRL | W21: Reliability
A22: REQUIRED ACTIONS: Recommendation does not have automated validation._x000D_ This recommendation does not have automated validation. Since it cannot be validated automatically, follow these steps:_x000D_ 1. Review the Recommendation Title and Description to understand the recommendation. Use the "Read More" links for additional information._x000D_ 2. Open the Azure Portal and locate the potentially impacted resource using its Resource Name or ResourceId._x000D_ 3. Manually validate the resource._x000D_ 4. If the resource is not compliant with the recommendation, update this cell to "Reviewed"._x000D_ or_x000D_ 5. Delete this row if the resource is irrelevant or already compliant with the recommendation. | B22: Resource | C22: Microsoft.Web/sites | D22: 508d4c26-18a2-4b58-b83d-5535758910b0 | E22: scaa0 | F22: eastus2 | G22: app-scaa0-eus2-dev-zzhkrt | H22: /subscriptions/508d4c26-18a2-4b58-b83d-5535758910b0/resourceGroups/scaa0/providers/Microsoft.Web/sites/app-scaa0-eus2-dev-zzhkrt | N22: Ensure FUNCTIONS_WORKER_RUNTIME is set properly | O22: Medium | P22: Other Best Practices | Q22: Better governance | R22: https://learn.microsoft.com/azure/azure-functions/functions-app-settings#functions_worker_runtime | S22: The FUNCTIONS_WORKER_RUNTIME setting in the Function App configuration should be set to the appropriate value based on the language you are using. This setting is used to determine the language worker that will be used to execute your functions. | T22: 7c608f46-46b2-4cc0-bbd6-1d457c16671c | U22: Azure Service | V22: APRL | W22: Reliability
A23: REQUIRED ACTIONS: Recommendation does not have automated validation._x000D_ This recommendation does not have automated validation. Since it cannot be validated automatically, follow these steps:_x000D_ 1. Review the Recommendation Title and Description to understand the recommendation. Use the "Read More" links for additional information._x000D_ 2. Open the Azure Portal and locate the potentially impacted resource using its Resource Name or ResourceId._x000D_ 3. Manually validate the resource._x000D_ 4. If the resource is not compliant with the recommendation, update this cell to "Reviewed"._x000D_ or_x000D_ 5. Delete this row if the resource is irrelevant or already compliant with the recommendation. | B23: Resource | C23: microsoft.web/serverfarms | D23: 508d4c26-18a2-4b58-b83d-5535758910b0 | E23: scaa0 | F23: eastus2 | G23: asp-scaa0-eus2-dev | H23: /subscriptions/508d4c26-18a2-4b58-b83d-5535758910b0/resourceGroups/scaa0/providers/Microsoft.Web/serverFarms/asp-scaa0-eus2-dev | N23: Create separate App Service plans for production and test | O23: High | P23: Other Best Practices | Q23: Protects prod performance; avoids test impact | R23: https://learn.microsoft.com/azure/architecture/checklist/resiliency-per-service#app-service | S23: It is strongly recommended to create separate App Service plans for production and test environments to avoid using slots within your production deployment for testing purposes. | T23: dbe3fd66-fb2a-9d46-b162-1791e21da236 | U23: Azure Service | V23: APRL | W23: Reliability
A24: REQUIRED ACTIONS: Recommendation does not have automated validation._x000D_ This recommendation does not have automated validation. Since it cannot be validated automatically, follow these steps:_x000D_ 1. Review the Recommendation Title and Description to understand the recommendation. Use the "Read More" links for additional information._x000D_ 2. Open the Azure Portal and locate the potentially impacted resource using its Resource Name or ResourceId._x000D_ 3. Manually validate the resource._x000D_ 4. If the resource is not compliant with the recommendation, update this cell to "Reviewed"._x000D_ or_x000D_ 5. Delete this row if the resource is irrelevant or already compliant with the recommendation. | B24: Resource | C24: microsoft.web/serverfarms | D24: 508d4c26-18a2-4b58-b83d-5535758910b0 | E24: scaa0 | F24: eastus2 | G24: asp-scaa0-eus2-dev | H24: /subscriptions/508d4c26-18a2-4b58-b83d-5535758910b0/resourceGroups/scaa0/providers/Microsoft.Web/serverFarms/asp-scaa0-eus2-dev | N24: Enable Autoscale/Automatic scaling to ensure adequate resources are available to service requests | O24: Medium | P24: Scalability | Q24: Optimizes resources for traffic | R24: https://learn.microsoft.com/azure/app-service/manage-automatic-scaling?tabs=azure-portal | S24: Enabling Autoscale/Automatic Scaling for your Azure App Service ensures sufficient resources for incoming requests. Autoscaling is rule-based, whereas Automatic Scaling, a newer feature, automatically adjusts resources based on HTTP traffic. | T24: 6320abf6-f917-1843-b2ae-4779c35985ae | U24: Azure Service | V24: APRL | W24: Reliability
A25: REQUIRED ACTIONS: Recommendation does not have automated validation._x000D_ This recommendation does not have automated validation. Since it cannot be validated automatically, follow these steps:_x000D_ 1. Review the Recommendation Title and Description to understand the recommendation. Use the "Read More" links for additional information._x000D_ 2. Open the Azure Portal and locate the potentially impacted resource using its Resource Name or ResourceId._x000D_ 3. Manually validate the resource._x000D_ 4. If the resource is not compliant with the recommendation, update this cell to "Reviewed"._x000D_ or_x000D_ 5. Delete this row if the resource is irrelevant or already compliant with the recommendation. | B25: Resource | C25: microsoft.cognitiveservices/accounts | D25: 508d4c26-18a2-4b58-b83d-5535758910b0 | E25: scaa0 | F25: eastus2 | G25: cog-scaa0-eus2-dev | H25: /subscriptions/508d4c26-18a2-4b58-b83d-5535758910b0/resourceGroups/scaa0/providers/Microsoft.CognitiveServices/accounts/cog-scaa0-eus2-dev | N25: Leverage Global provisioned deployment to ensure high and predictable throughput | O25: High | P25: High Availability | Q25: Low latency variance, high throughputs, business continuity | R25: https://learn.microsoft.com/azure/ai-services/openai/how-to/deployment-types#global-provisioned | S25: Global provisioned deployments provide reserved model processing capacity for high and predictable throughput using Azure global infrastructure. Suitable for applications requiring lower latency variance at large workload usage. Provides cost savings. | T25: 042c034e-2b85-4c1d-bf9a-65c75a6b43e9 | U25: Azure Service | V25: APRL | W25: Reliability
A26: REQUIRED ACTIONS: Recommendation does not have automated validation._x000D_ This recommendation does not have automated validation. Since it cannot be validated automatically, follow these steps:_x000D_ 1. Review the Recommendation Title and Description to understand the recommendation. Use the "Read More" links for additional information._x000D_ 2. Open the Azure Portal and locate the potentially impacted resource using its Resource Name or ResourceId._x000D_ 3. Manually validate the resource._x000D_ 4. If the resource is not compliant with the recommendation, update this cell to "Reviewed"._x000D_ or_x000D_ 5. Delete this row if the resource is irrelevant or already compliant with the recommendation. | B26: Resource | C26: microsoft.cognitiveservices/accounts | D26: 508d4c26-18a2-4b58-b83d-5535758910b0 | E26: scaa0 | F26: eastus2 | G26: oai-scaa0-eus2-dev | H26: /subscriptions/508d4c26-18a2-4b58-b83d-5535758910b0/resourceGroups/scaa0/providers/Microsoft.CognitiveServices/accounts/oai-scaa0-eus2-dev | N26: Leverage Global provisioned deployment to ensure high and predictable throughput | O26: High | P26: High Availability | Q26: Low latency variance, high throughputs, business continuity | R26: https://learn.microsoft.com/azure/ai-services/openai/how-to/deployment-types#global-provisioned | S26: Global provisioned deployments provide reserved model processing capacity for high and predictable throughput using Azure global infrastructure. Suitable for applications requiring lower latency variance at large workload usage. Provides cost savings. | T26: 042c034e-2b85-4c1d-bf9a-65c75a6b43e9 | U26: Azure Service | V26: APRL | W26: Reliability
A27: REQUIRED ACTIONS: Recommendation does not have automated validation._x000D_ This recommendation does not have automated validation. Since it cannot be validated automatically, follow these steps:_x000D_ 1. Review the Recommendation Title and Description to understand the recommendation. Use the "Read More" links for additional information._x000D_ 2. Open the Azure Portal and locate the potentially impacted resource using its Resource Name or ResourceId._x000D_ 3. Manually validate the resource._x000D_ 4. If the resource is not compliant with the recommendation, update this cell to "Reviewed"._x000D_ or_x000D_ 5. Delete this row if the resource is irrelevant or already compliant with the recommendation. | B27: Resource | C27: microsoft.cognitiveservices/accounts | D27: 508d4c26-18a2-4b58-b83d-5535758910b0 | E27: scaa0 | F27: eastus2 | G27: cog-scaa0-eus2-dev | H27: /subscriptions/508d4c26-18a2-4b58-b83d-5535758910b0/resourceGroups/scaa0/providers/Microsoft.CognitiveServices/accounts/cog-scaa0-eus2-dev | N27: Ensure PAYG AOAI models leverage Global Standard deployment | O27: High | P27: High Availability | Q27: Best model availability, business continuity | R27: https://learn.microsoft.com/azure/ai-services/openai/how-to/deployment-types#global-standard | S27: Global Standard leverages Azure's global infrastructure to route traffic to the best available data center for customer's real-time inference requests. It provides the highest default quota and eliminates the need to load balance across multiple resources. Optimized for low to medium volume usage. | T27: 081fc8a4-b2d9-405b-b351-334e621016f5 | U27: Azure Service | V27: APRL | W27: Reliability
A28: REQUIRED ACTIONS: Recommendation does not have automated validation._x000D_ This recommendation does not have automated validation. Since it cannot be validated automatically, follow these steps:_x000D_ 1. Review the Recommendation Title and Description to understand the recommendation. Use the "Read More" links for additional information._x000D_ 2. Open the Azure Portal and locate the potentially impacted resource using its Resource Name or ResourceId._x000D_ 3. Manually validate the resource._x000D_ 4. If the resource is not compliant with the recommendation, update this cell to "Reviewed"._x000D_ or_x000D_ 5. Delete this row if the resource is irrelevant or already compliant with the recommendation. | B28: Resource | C28: microsoft.cognitiveservices/accounts | D28: 508d4c26-18a2-4b58-b83d-5535758910b0 | E28: scaa0 | F28: eastus2 | G28: oai-scaa0-eus2-dev | H28: /subscriptions/508d4c26-18a2-4b58-b83d-5535758910b0/resourceGroups/scaa0/providers/Microsoft.CognitiveServices/accounts/oai-scaa0-eus2-dev | N28: Ensure PAYG AOAI models leverage Global Standard deployment | O28: High | P28: High Availability | Q28: Best model availability, business continuity | R28: https://learn.microsoft.com/azure/ai-services/openai/how-to/deployment-types#global-standard | S28: Global Standard leverages Azure's global infrastructure to route traffic to the best available data center for customer's real-time inference requests. It provides the highest default quota and eliminates the need to load balance across multiple resources. Optimized for low to medium volume usage. | T28: 081fc8a4-b2d9-405b-b351-334e621016f5 | U28: Azure Service | V28: APRL | W28: Reliability
A29: REQUIRED ACTIONS: Recommendation does not have automated validation._x000D_ This recommendation does not have automated validation. Since it cannot be validated automatically, follow these steps:_x000D_ 1. Review the Recommendation Title and Description to understand the recommendation. Use the "Read More" links for additional information._x000D_ 2. Open the Azure Portal and locate the potentially impacted resource using its Resource Name or ResourceId._x000D_ 3. Manually validate the resource._x000D_ 4. If the resource is not compliant with the recommendation, update this cell to "Reviewed"._x000D_ or_x000D_ 5. Delete this row if the resource is irrelevant or already compliant with the recommendation. | B29: Resource | C29: microsoft.cognitiveservices/accounts | D29: 508d4c26-18a2-4b58-b83d-5535758910b0 | E29: scaa0 | F29: eastus2 | G29: cog-scaa0-eus2-dev | H29: /subscriptions/508d4c26-18a2-4b58-b83d-5535758910b0/resourceGroups/scaa0/providers/Microsoft.CognitiveServices/accounts/cog-scaa0-eus2-dev | N29: Deploy a PAYG instance of the model with provisioned throughput to manage overflow effectively | O29: High | P29: High Availability | Q29: PAYG model balances cost and performance and helps scale | R29: https://learn.microsoft.com/azure/ai-services/openai/concepts/provisioned-throughput | S29: Provisioned Throughput offers pre-allocated capacity for consistent workloads, while Pay-as-You-Go charges for actual usage, ideal for variable workloads. During overflow, the Pay-as-You-Go instance manages excess load, ensuring service efficiency. | T29: 0c193899-da60-4a52-b4a0-77d75ac8c5c5 | U29: Azure Service | V29: APRL | W29: Reliability
A30: REQUIRED ACTIONS: Recommendation does not have automated validation._x000D_ This recommendation does not have automated validation. Since it cannot be validated automatically, follow these steps:_x000D_ 1. Review the Recommendation Title and Description to understand the recommendation. Use the "Read More" links for additional information._x000D_ 2. Open the Azure Portal and locate the potentially impacted resource using its Resource Name or ResourceId._x000D_ 3. Manually validate the resource._x000D_ 4. If the resource is not compliant with the recommendation, update this cell to "Reviewed"._x000D_ or_x000D_ 5. Delete this row if the resource is irrelevant or already compliant with the recommendation. | B30: Resource | C30: microsoft.cognitiveservices/accounts | D30: 508d4c26-18a2-4b58-b83d-5535758910b0 | E30: scaa0 | F30: eastus2 | G30: oai-scaa0-eus2-dev | H30: /subscriptions/508d4c26-18a2-4b58-b83d-5535758910b0/resourceGroups/scaa0/providers/Microsoft.CognitiveServices/accounts/oai-scaa0-eus2-dev | N30: Deploy a PAYG instance of the model with provisioned throughput to manage overflow effectively | O30: High | P30: High Availability | Q30: PAYG model balances cost and performance and helps scale | R30: https://learn.microsoft.com/azure/ai-services/openai/concepts/provisioned-throughput | S30: Provisioned Throughput offers pre-allocated capacity for consistent workloads, while Pay-as-You-Go charges for actual usage, ideal for variable workloads. During overflow, the Pay-as-You-Go instance manages excess load, ensuring service efficiency. | T30: 0c193899-da60-4a52-b4a0-77d75ac8c5c5 | U30: Azure Service | V30: APRL | W30: Reliability
... A40: REQUIRED ACTIONS: Recommendation does not have automated validation._x000D_ This recommendation does not have automated validation. Since it cannot be validated automatically, follow these steps:_x000D_ 1. Review the Recommendation Title and Description to understand the recommendation. Use the "Read More" links for additional information._x000D_ 2. Open the Azure Portal and locate the potentially impacted resource using its Resource Name or ResourceId._x000D_ 3. Manually validate the resource._x000D_ 4. If the resource is not compliant with the recommendation, update this cell to "Reviewed"._x000D_ or_x000D_ 5. Delete this row if the resource is irrelevant or already compliant with the recommendation. | B40: Resource | C40: microsoft.operationalinsights/workspaces | D40: 508d4c26-18a2-4b58-b83d-5535758910b0 | E40: monitoring | F40: eastus | G40: monitoring-law | H40: /subscriptions/508d4c26-18a2-4b58-b83d-5535758910b0/resourceGroups/monitoring/providers/Microsoft.OperationalInsights/workspaces/monitoring-law | N40: Create a health status alert rule for your Log Analytics workspace | O40: Low | P40: Monitoring And Alerting | Q40: Early alert for workspace failure | R40: https://learn.microsoft.com/azure/azure-monitor/logs/log-analytics-workspace-health | S40: A health status alert will proactively notify you if a workspace becomes unavailable because of a datacenter or regional failure. | T40: 4b77191c-cc3c-8c4e-844b-0f56d0927890 | U40: Azure Service | V40: APRL | W40: Reliability
A41: Reviewed | B41: Resource | C41: Microsoft.Storage/storageAccounts | D41: 508d4c26-18a2-4b58-b83d-5535758910b0 | E41: mcapsgovernance | F41: westus2 | G41: mcapsb83d5535758910b0 | H41: /subscriptions/508d4c26-18a2-4b58-b83d-5535758910b0/resourceGroups/McapsGovernance/providers/Microsoft.Storage/storageAccounts/mcapsb83d5535758910b0 | I41: sku: Standard_LRS | N41: Ensure that storage accounts are zone or region redundant | O41: High | P41: High Availability | Q41: High availability and durability for storage | R41: https://learn.microsoft.com/azure/storage/common/storage-redundancy | S41: Redundancy ensures storage accounts meet availability and durability targets amidst failures, weighing lower costs against higher availability. Locally redundant storage offers the least durability at the lowest cost. | T41: e6c7e1cc-2f47-264d-aa50-1da421314472 | U41: Azure Service | V41: APRL | W41: Reliability
A42: Reviewed | B42: Resource | C42: Microsoft.Storage/storageAccounts | D42: 508d4c26-18a2-4b58-b83d-5535758910b0 | E42: monitoring | F42: eastus | G42: pauharritest0sa | H42: /subscriptions/508d4c26-18a2-4b58-b83d-5535758910b0/resourceGroups/monitoring/providers/Microsoft.Storage/storageAccounts/pauharritest0sa | I42: sku: Standard_LRS | N42: Ensure that storage accounts are zone or region redundant | O42: High | P42: High Availability | Q42: High availability and durability for storage | R42: https://learn.microsoft.com/azure/storage/common/storage-redundancy | S42: Redundancy ensures storage accounts meet availability and durability targets amidst failures, weighing lower costs against higher availability. Locally redundant storage offers the least durability at the lowest cost. | T42: e6c7e1cc-2f47-264d-aa50-1da421314472 | U42: Azure Service | V42: APRL | W42: Reliability
A43: Reviewed | B43: Resource | C43: Microsoft.Storage/storageAccounts | D43: 508d4c26-18a2-4b58-b83d-5535758910b0 | E43: scaa0 | F43: eastus2 | G43: stscaa0eus2devzzhk | H43: /subscriptions/508d4c26-18a2-4b58-b83d-5535758910b0/resourceGroups/scaa0/providers/Microsoft.Storage/storageAccounts/stscaa0eus2devzzhk | I43: sku: Standard_LRS | N43: Ensure that storage accounts are zone or region redundant | O43: High | P43: High Availability | Q43: High availability and durability for storage | R43: https://learn.microsoft.com/azure/storage/common/storage-redundancy | S43: Redundancy ensures storage accounts meet availability and durability targets amidst failures, weighing lower costs against higher availability. Locally redundant storage offers the least durability at the lowest cost. | T43: e6c7e1cc-2f47-264d-aa50-1da421314472 | U43: Azure Service | V43: APRL | W43: Reliability
A44: REQUIRED ACTIONS: Recommendation does not have automated validation._x000D_ This recommendation does not have automated validation. Since it cannot be validated automatically, follow these steps:_x000D_ 1. Review the Recommendation Title and Description to understand the recommendation. Use the "Read More" links for additional information._x000D_ 2. Open the Azure Portal and locate the potentially impacted resource using its Resource Name or ResourceId._x000D_ 3. Manually validate the resource._x000D_ 4. If the resource is not compliant with the recommendation, update this cell to "Reviewed"._x000D_ or_x000D_ 5. Delete this row if the resource is irrelevant or already compliant with the recommendation. | B44: Resource | C44: Microsoft.Storage/storageAccounts | D44: 508d4c26-18a2-4b58-b83d-5535758910b0 | E44: scaa0 | F44: eastus2 | G44: stscaa0eus2devzzhk | H44: /subscriptions/508d4c26-18a2-4b58-b83d-5535758910b0/resourceGroups/scaa0/providers/Microsoft.Storage/storageAccounts/stscaa0eus2devzzhk | N44: Enable versioning for accidental modification and keep the number of versions below 1000 | O44: Low | P44: Disaster Recovery | Q44: Recover data, manage latency | R44: https://learn.microsoft.com/azure/storage/blobs/versioning-overview | S44: Consider enabling versioning for Azure Storage Accounts to recover from accidental modifications or deletions and manage blob operation latency. Microsoft advises maintaining fewer than 1000 versions per blob to optimize performance. Lifecycle management can help delete old versions automatically. | T44: 8ebda7c0-e0e1-ed45-af59-2d7ea9a1c05d | U44: Azure Service | V44: APRL | W44: Reliability
A45: REQUIRED ACTIONS: Recommendation does not have automated validation._x000D_ This recommendation does not have automated validation. Since it cannot be validated automatically, follow these steps:_x000D_ 1. Review the Recommendation Title and Description to understand the recommendation. Use the "Read More" links for additional information._x000D_ 2. Open the Azure Portal and locate the potentially impacted resource using its Resource Name or ResourceId._x000D_ 3. Manually validate the resource._x000D_ 4. If the resource is not compliant with the recommendation, update this cell to "Reviewed"._x000D_ or_x000D_ 5. Delete this row if the resource is irrelevant or already compliant with the recommendation. | B45: Resource | C45: Microsoft.Storage/storageAccounts | D45: 508d4c26-18a2-4b58-b83d-5535758910b0 | E45: monitoring | F45: eastus | G45: pauharritest0sa | H45: /subscriptions/508d4c26-18a2-4b58-b83d-5535758910b0/resourceGroups/monitoring/providers/Microsoft.Storage/storageAccounts/pauharritest0sa | N45: Enable versioning for accidental modification and keep the number of versions below 1000 | O45: Low | P45: Disaster Recovery | Q45: Recover data, manage latency | R45: https://learn.microsoft.com/azure/storage/blobs/versioning-overview | S45: Consider enabling versioning for Azure Storage Accounts to recover from accidental modifications or deletions and manage blob operation latency. Microsoft advises maintaining fewer than 1000 versions per blob to optimize performance. Lifecycle management can help delete old versions automatically. | T45: 8ebda7c0-e0e1-ed45-af59-2d7ea9a1c05d | U45: Azure Service | V45: APRL | W45: Reliability
A46: REQUIRED ACTIONS: Recommendation does not have automated validation._x000D_ This recommendation does not have automated validation. Since it cannot be validated automatically, follow these steps:_x000D_ 1. Review the Recommendation Title and Description to understand the recommendation. Use the "Read More" links for additional information._x000D_ 2. Open the Azure Portal and locate the potentially impacted resource using its Resource Name or ResourceId._x000D_ 3. Manually validate the resource._x000D_ 4. If the resource is not compliant with the recommendation, update this cell to "Reviewed"._x000D_ or_x000D_ 5. Delete this row if the resource is irrelevant or already compliant with the recommendation. | B46: Resource | C46: Microsoft.Storage/storageAccounts | D46: 508d4c26-18a2-4b58-b83d-5535758910b0 | E46: mcapsgovernance | F46: westus2 | G46: mcapsb83d5535758910b0 | H46: /subscriptions/508d4c26-18a2-4b58-b83d-5535758910b0/resourceGroups/McapsGovernance/providers/Microsoft.Storage/storageAccounts/mcapsb83d5535758910b0 | N46: Enable versioning for accidental modification and keep the number of versions below 1000 | O46: Low | P46: Disaster Recovery | Q46: Recover data, manage latency | R46: https://learn.microsoft.com/azure/storage/blobs/versioning-overview | S46: Consider enabling versioning for Azure Storage Accounts to recover from accidental modifications or deletions and manage blob operation latency. Microsoft advises maintaining fewer than 1000 versions per blob to optimize performance. Lifecycle management can help delete old versions automatically. | T46: 8ebda7c0-e0e1-ed45-af59-2d7ea9a1c05d | U46: Azure Service | V46: APRL | W46: Reliability
A47: REQUIRED ACTIONS: Recommendation does not have automated validation._x000D_ This recommendation does not have automated validation. Since it cannot be validated automatically, follow these steps:_x000D_ 1. Review the Recommendation Title and Description to understand the recommendation. Use the "Read More" links for additional information._x000D_ 2. Open the Azure Portal and locate the potentially impacted resource using its Resource Name or ResourceId._x000D_ 3. Manually validate the resource._x000D_ 4. If the resource is not compliant with the recommendation, update this cell to "Reviewed"._x000D_ or_x000D_ 5. Delete this row if the resource is irrelevant or already compliant with the recommendation. | B47: Resource | C47: Microsoft.Storage/storageAccounts | D47: 508d4c26-18a2-4b58-b83d-5535758910b0 | E47: scaa0 | F47: eastus2 | G47: stscaa0eus2devzzhk | H47: /subscriptions/508d4c26-18a2-4b58-b83d-5535758910b0/resourceGroups/scaa0/providers/Microsoft.Storage/storageAccounts/stscaa0eus2devzzhk | N47: Enable point-in-time restore for GPv2 accounts to safeguard against data loss | O47: Low | P47: Disaster Recovery | Q47: Protects data from loss/corruption | R47: https://learn.microsoft.com/azure/storage/blobs/point-in-time-restore-overview | S47: Consider enabling point-in-time restore for standard general purpose v2 accounts with flat namespace to protect against accidental deletion or corruption by restoring block blob data to an earlier state. | T47: 1b965cb9-7629-214e-b682-6bf6e450a100 | U47: Azure Service | V47: APRL | W47: Reliability
A48: REQUIRED ACTIONS: Recommendation does not have automated validation._x000D_ This recommendation does not have automated validation. Since it cannot be validated automatically, follow these steps:_x000D_ 1. Review the Recommendation Title and Description to understand the recommendation. Use the "Read More" links for additional information._x000D_ 2. Open the Azure Portal and locate the potentially impacted resource using its Resource Name or ResourceId._x000D_ 3. Manually validate the resource._x000D_ 4. If the resource is not compliant with the recommendation, update this cell to "Reviewed"._x000D_ or_x000D_ 5. Delete this row if the resource is irrelevant or already compliant with the recommendation. | B48: Resource | C48: Microsoft.Storage/storageAccounts | D48: 508d4c26-18a2-4b58-b83d-5535758910b0 | E48: monitoring | F48: eastus | G48: pauharritest0sa | H48: /subscriptions/508d4c26-18a2-4b58-b83d-5535758910b0/resourceGroups/monitoring/providers/Microsoft.Storage/storageAccounts/pauharritest0sa | N48: Enable point-in-time restore for GPv2 accounts to safeguard against data loss | O48: Low | P48: Disaster Recovery | Q48: Protects data from loss/corruption | R48: https://learn.microsoft.com/azure/storage/blobs/point-in-time-restore-overview | S48: Consider enabling point-in-time restore for standard general purpose v2 accounts with flat namespace to protect against accidental deletion or corruption by restoring block blob data to an earlier state. | T48: 1b965cb9-7629-214e-b682-6bf6e450a100 | U48: Azure Service | V48: APRL | W48: Reliability
A49: REQUIRED ACTIONS: Recommendation does not have automated validation._x000D_ This recommendation does not have automated validation. Since it cannot be validated automatically, follow these steps:_x000D_ 1. Review the Recommendation Title and Description to understand the recommendation. Use the "Read More" links for additional information._x000D_ 2. Open the Azure Portal and locate the potentially impacted resource using its Resource Name or ResourceId._x000D_ 3. Manually validate the resource._x000D_ 4. If the resource is not compliant with the recommendation, update this cell to "Reviewed"._x000D_ or_x000D_ 5. Delete this row if the resource is irrelevant or already compliant with the recommendation. | B49: Resource | C49: Microsoft.Storage/storageAccounts | D49: 508d4c26-18a2-4b58-b83d-5535758910b0 | E49: mcapsgovernance | F49: westus2 | G49: mcapsb83d5535758910b0 | H49: /subscriptions/508d4c26-18a2-4b58-b83d-5535758910b0/resourceGroups/McapsGovernance/providers/Microsoft.Storage/storageAccounts/mcapsb83d5535758910b0 | N49: Enable point-in-time restore for GPv2 accounts to safeguard against data loss | O49: Low | P49: Disaster Recovery | Q49: Protects data from loss/corruption | R49: https://learn.microsoft.com/azure/storage/blobs/point-in-time-restore-overview | S49: Consider enabling point-in-time restore for standard general purpose v2 accounts with flat namespace to protect against accidental deletion or corruption by restoring block blob data to an earlier state. | T49: 1b965cb9-7629-214e-b682-6bf6e450a100 | U49: Azure Service | V49: APRL | W49: Reliability
A50: REQUIRED ACTIONS: Recommendation does not have automated validation._x000D_ This recommendation does not have automated validation. Since it cannot be validated automatically, follow these steps:_x000D_ 1. Review the Recommendation Title and Description to understand the recommendation. Use the "Read More" links for additional information._x000D_ 2. Open the Azure Portal and locate the potentially impacted resource using its Resource Name or ResourceId._x000D_ 3. Manually validate the resource._x000D_ 4. If the resource is not compliant with the recommendation, update this cell to "Reviewed"._x000D_ or_x000D_ 5. Delete this row if the resource is irrelevant or already compliant with the recommendation. | B50: Resource | C50: Microsoft.Storage/storageAccounts | D50: 508d4c26-18a2-4b58-b83d-5535758910b0 | E50: scaa0 | F50: eastus2 | G50: stscaa0eus2devzzhk | H50: /subscriptions/508d4c26-18a2-4b58-b83d-5535758910b0/resourceGroups/scaa0/providers/Microsoft.Storage/storageAccounts/stscaa0eus2devzzhk | N50: Monitor all blob storage accounts | O50: Low | P50: Monitoring And Alerting | Q50: Enhanced alerting and log analysis | R50: https://learn.microsoft.com/azure/storage/blobs/monitor-blob-storage | S50: For critical applications and business processes relying on Azure, monitoring and alerts are crucial. Resource logs are only stored after creating a diagnostic setting to route logs to specified locations, requiring selection of log categories to collect. | T50: 96cb8331-6b06-8242-8ce8-4e2f665dc679 | U50: Azure Service | V50: APRL | W50: Reliability
A51: REQUIRED ACTIONS: Recommendation does not have automated validation._x000D_ This recommendation does not have automated validation. Since it cannot be validated automatically, follow these steps:_x000D_ 1. Review the Recommendation Title and Description to understand the recommendation. Use the "Read More" links for additional information._x000D_ 2. Open the Azure Portal and locate the potentially impacted resource using its Resource Name or ResourceId._x000D_ 3. Manually validate the resource._x000D_ 4. If the resource is not compliant with the recommendation, update this cell to "Reviewed"._x000D_ or_x000D_ 5. Delete this row if the resource is irrelevant or already compliant with the recommendation. | B51: Resource | C51: Microsoft.Storage/storageAccounts | D51: 508d4c26-18a2-4b58-b83d-5535758910b0 | E51: monitoring | F51: eastus | G51: pauharritest0sa | H51: /subscriptions/508d4c26-18a2-4b58-b83d-5535758910b0/resourceGroups/monitoring/providers/Microsoft.Storage/storageAccounts/pauharritest0sa | N51: Monitor all blob storage accounts | O51: Low | P51: Monitoring And Alerting | Q51: Enhanced alerting and log analysis | R51: https://learn.microsoft.com/azure/storage/blobs/monitor-blob-storage | S51: For critical applications and business processes relying on Azure, monitoring and alerts are crucial. Resource logs are only stored after creating a diagnostic setting to route logs to specified locations, requiring selection of log categories to collect. | T51: 96cb8331-6b06-8242-8ce8-4e2f665dc679 | U51: Azure Service | V51: APRL | W51: Reliability
A52: REQUIRED ACTIONS: Recommendation does not have automated validation._x000D_ This recommendation does not have automated validation. Since it cannot be validated automatically, follow these steps:_x000D_ 1. Review the Recommendation Title and Description to understand the recommendation. Use the "Read More" links for additional information._x000D_ 2. Open the Azure Portal and locate the potentially impacted resource using its Resource Name or ResourceId._x000D_ 3. Manually validate the resource._x000D_ 4. If the resource is not compliant with the recommendation, update this cell to "Reviewed"._x000D_ or_x000D_ 5. Delete this row if the resource is irrelevant or already compliant with the recommendation. | B52: Resource | C52: Microsoft.Storage/storageAccounts | D52: 508d4c26-18a2-4b58-b83d-5535758910b0 | E52: mcapsgovernance | F52: westus2 | G52: mcapsb83d5535758910b0 | H52: /subscriptions/508d4c26-18a2-4b58-b83d-5535758910b0/resourceGroups/McapsGovernance/providers/Microsoft.Storage/storageAccounts/mcapsb83d5535758910b0 | N52: Monitor all blob storage accounts | O52: Low | P52: Monitoring And Alerting | Q52: Enhanced alerting and log analysis | R52: https://learn.microsoft.com/azure/storage/blobs/monitor-blob-storage | S52: For critical applications and business processes relying on Azure, monitoring and alerts are crucial. Resource logs are only stored after creating a diagnostic setting to route logs to specified locations, requiring selection of log categories to collect. | T52: 96cb8331-6b06-8242-8ce8-4e2f665dc679 | U52: Azure Service | V52: APRL | W52: Reliability
A53: REQUIRED ACTIONS: Recommendation does not have automated validation._x000D_ This recommendation does not have automated validation. Since it cannot be validated automatically, follow these steps:_x000D_ 1. Review the Recommendation Title and Description to understand the recommendation. Use the "Read More" links for additional information._x000D_ 2. Open the Azure Portal and locate the potentially impacted resource using its Resource Name or ResourceId._x000D_ 3. Manually validate the resource._x000D_ 4. If the resource is not compliant with the recommendation, update this cell to "Reviewed"._x000D_ or_x000D_ 5. Delete this row if the resource is irrelevant or already compliant with the recommendation. | B53: Resource | C53: microsoft.network/networkwatchers | D53: 508d4c26-18a2-4b58-b83d-5535758910b0 | E53: networkwatcherrg | F53: centralus | G53: NetworkWatcher_centralus | H53: /subscriptions/508d4c26-18a2-4b58-b83d-5535758910b0/resourceGroups/NetworkWatcherRG/providers/Microsoft.Network/networkWatchers/NetworkWatcher_centralus | N53: Deploy Network Watcher in all regions where you have networking services | O53: Low | P53: Monitoring And Alerting | Q53: Enhanced monitoring and diagnostics for Azure IaaS | R53: https://learn.microsoft.com/azure/network-watcher/network-watcher-overview | S53: Azure Network Watcher offers tools for monitoring, diagnosing, viewing metrics, and managing logs for IaaS resources. It helps maintain the health of VMs, VNets, application gateways, load balancers, but not for PaaS or Web analytics. | T53: 4e133bd0-8762-bc40-a95b-b29142427d73 | U53: Azure Service | V53: APRL | W53: Reliability
A54: REQUIRED ACTIONS: Recommendation does not have automated validation._x000D_ This recommendation does not have automated validation. Since it cannot be validated automatically, follow these steps:_x000D_ 1. Review the Recommendation Title and Description to understand the recommendation. Use the "Read More" links for additional information._x000D_ 2. Open the Azure Portal and locate the potentially impacted resource using its Resource Name or ResourceId._x000D_ 3. Manually validate the resource._x000D_ 4. If the resource is not compliant with the recommendation, update this cell to "Reviewed"._x000D_ or_x000D_ 5. Delete this row if the resource is irrelevant or already compliant with the recommendation. | B54: Resource | C54: microsoft.network/networkwatchers | D54: 508d4c26-18a2-4b58-b83d-5535758910b0 | E54: networkwatcherrg | F54: eastus2 | G54: NetworkWatcher_eastus2 | H54: /subscriptions/508d4c26-18a2-4b58-b83d-5535758910b0/resourceGroups/NetworkWatcherRG/providers/Microsoft.Network/networkWatchers/NetworkWatcher_eastus2 | N54: Deploy Network Watcher in all regions where you have networking services | O54: Low | P54: Monitoring And Alerting | Q54: Enhanced monitoring and diagnostics for Azure IaaS | R54: https://learn.microsoft.com/azure/network-watcher/network-watcher-overview | S54: Azure Network Watcher offers tools for monitoring, diagnosing, viewing metrics, and managing logs for IaaS resources. It helps maintain the health of VMs, VNets, application gateways, load balancers, but not for PaaS or Web analytics. | T54: 4e133bd0-8762-bc40-a95b-b29142427d73 | U54: Azure Service | V54: APRL | W54: Reliability
A55: REQUIRED ACTIONS: Recommendation does not have automated validation._x000D_ This recommendation does not have automated validation. Since it cannot be validated automatically, follow these steps:_x000D_ 1. Review the Recommendation Title and Description to understand the recommendation. Use the "Read More" links for additional information._x000D_ 2. Open the Azure Portal and locate the potentially impacted resource using its Resource Name or ResourceId._x000D_ 3. Manually validate the resource._x000D_ 4. If the resource is not compliant with the recommendation, update this cell to "Reviewed"._x000D_ or_x000D_ 5. Delete this row if the resource is irrelevant or already compliant with the recommendation. | B55: Resource | C55: microsoft.network/networkwatchers | D55: 508d4c26-18a2-4b58-b83d-5535758910b0 | E55: networkwatcherrg | F55: centralus | G55: NetworkWatcher_centralus | H55: /subscriptions/508d4c26-18a2-4b58-b83d-5535758910b0/resourceGroups/NetworkWatcherRG/providers/Microsoft.Network/networkWatchers/NetworkWatcher_centralus | N55: Configure Network Watcher Connection monitor | O55: Medium | P55: Monitoring And Alerting | Q55: Improves monitoring for Azure and Hybrid connectivity | R55: https://learn.microsoft.com/azure/network-watcher/connection-monitor-overview | S55: Improves monitoring for Azure and Hybrid connectivity | T55: 1e28bbc1-1eb7-486f-8d7f-93943f40219c | U55: Azure Service | V55: APRL | W55: Reliability
... A58: REQUIRED ACTIONS: Recommendation does not have automated validation._x000D_ This recommendation does not have automated validation. Since it cannot be validated automatically, follow these steps:_x000D_ 1. Review the Recommendation Title and Description to understand the recommendation. Use the "Read More" links for additional information._x000D_ 2. Open the Azure Portal and locate the potentially impacted resource using its Resource Name or ResourceId._x000D_ 3. Manually validate the resource._x000D_ 4. If the resource is not compliant with the recommendation, update this cell to "Reviewed"._x000D_ or_x000D_ 5. Delete this row if the resource is irrelevant or already compliant with the recommendation. | B58: Resource | C58: Microsoft.Network/networkSecurityGroups | D58: 508d4c26-18a2-4b58-b83d-5535758910b0 | E58: scaa0 | F58: eastus2 | G58: scaa0-vnet-default-nsg-eastus2 | H58: /subscriptions/508d4c26-18a2-4b58-b83d-5535758910b0/resourceGroups/scaa0/providers/Microsoft.Network/networkSecurityGroups/scaa0-vnet-default-nsg-eastus2 | N58: Configure Diagnostic Settings for all network security groups | O58: Medium | P58: Monitoring And Alerting | Q58: Enhanced monitoring and security insights | R58: https://learn.microsoft.com/azure/azure-monitor/essentials/diagnostic-settings | S58: Resource Logs are not collected and stored until you create a diagnostic setting and route them to one or more locations. | T58: d2976d3e-294b-4b49-a1f0-c42566a3758f | U58: Azure Service | V58: APRL | W58: Reliability
A59: Reviewed | B59: Resource | C59: Microsoft.Network/networkSecurityGroups | D59: 508d4c26-18a2-4b58-b83d-5535758910b0 | E59: scaa0 | F59: eastus2 | G59: scaa0-vnet-default-nsg-eastus2 | H59: /subscriptions/508d4c26-18a2-4b58-b83d-5535758910b0/resourceGroups/scaa0/providers/Microsoft.Network/networkSecurityGroups/scaa0-vnet-default-nsg-eastus2 | I59: ModificationAlert: Not configured/Disabled | N59: Monitor changes in Network Security Groups with Azure Monitor | O59: Low | P59: Monitoring And Alerting | Q59: Enhanced security and change monitoring | R59: https://learn.microsoft.com/azure/azure-monitor/essentials/activity-log?tabs=powershell | S59: Create Alerts with Azure Monitor for operations like creating or updating Network Security Group rules to catch unauthorized/undesired changes to resources and spot attempts to bypass firewalls or access resources from the outside. | T59: 8bb4a57b-55e4-d24e-9c19-2679d8bc779f | U59: Azure Service | V59: APRL | W59: Reliability
A60: Reviewed | B60: Resource | C60: Microsoft.Network/networkSecurityGroups | D60: 508d4c26-18a2-4b58-b83d-5535758910b0 | E60: tenantnsgsub1 | F60: centralus | G60: tenantNSGSub1 | H60: /subscriptions/508d4c26-18a2-4b58-b83d-5535758910b0/resourceGroups/tenantNSGSub1/providers/Microsoft.Network/networkSecurityGroups/tenantNSGSub1 | I60: ModificationAlert: Not configured/Disabled | N60: Monitor changes in Network Security Groups with Azure Monitor | O60: Low | P60: Monitoring And Alerting | Q60: Enhanced security and change monitoring | R60: https://learn.microsoft.com/azure/azure-monitor/essentials/activity-log?tabs=powershell | S60: Create Alerts with Azure Monitor for operations like creating or updating Network Security Group rules to catch unauthorized/undesired changes to resources and spot attempts to bypass firewalls or access resources from the outside. | T60: 8bb4a57b-55e4-d24e-9c19-2679d8bc779f | U60: Azure Service | V60: APRL | W60: Reliability
A61: Reviewed | B61: Resource | C61: Microsoft.Network/virtualNetworks | D61: 508d4c26-18a2-4b58-b83d-5535758910b0 | E61: scaa0 | F61: eastus2 | G61: scaa0-vnet | H61: /subscriptions/508d4c26-18a2-4b58-b83d-5535758910b0/resourcegroups/scaa0/providers/microsoft.network/virtualnetworks/scaa0-vnet | I61: Missing Vnet Flow Log configuration | N61: Enable Virtual Network Flow Logs | O61: Medium | P61: Monitoring And Alerting | Q61: Improves monitoring and security for Azure connectivity | R61: https://learn.microsoft.com/azure/network-watcher/vnet-flow-logs-overview | S61: Improves monitoring and security for Azure and Hybrid connectivity | T61: 06b77be9-56a3-4d41-b362-8b295c5a283d | U61: Azure Service | V61: APRL | W61: Reliability
A62: Reviewed | B62: Resource | C62: Microsoft.Network/virtualNetworks | D62: 508d4c26-18a2-4b58-b83d-5535758910b0 | E62: peeringtest-rg | F62: centralus | G62: sub1peeringvnet0 | H62: /subscriptions/508d4c26-18a2-4b58-b83d-5535758910b0/resourcegroups/peeringtest-rg/providers/microsoft.network/virtualnetworks/sub1peeringvnet0 | I62: Missing Vnet Flow Log configuration | N62: Enable Virtual Network Flow Logs | O62: Medium | P62: Monitoring And Alerting | Q62: Improves monitoring and security for Azure connectivity | R62: https://learn.microsoft.com/azure/network-watcher/vnet-flow-logs-overview | S62: Improves monitoring and security for Azure and Hybrid connectivity | T62: 06b77be9-56a3-4d41-b362-8b295c5a283d | U62: Azure Service | V62: APRL | W62: Reliability
A63: Reviewed | B63: Resource | C63: Microsoft.Network/virtualNetworks | D63: 508d4c26-18a2-4b58-b83d-5535758910b0 | E63: peeringtest-rg | F63: centralus | G63: sub1peeringvnet1 | H63: /subscriptions/508d4c26-18a2-4b58-b83d-5535758910b0/resourcegroups/peeringtest-rg/providers/microsoft.network/virtualnetworks/sub1peeringvnet1 | I63: Missing Vnet Flow Log configuration | N63: Enable Virtual Network Flow Logs | O63: Medium | P63: Monitoring And Alerting | Q63: Improves monitoring and security for Azure connectivity | R63: https://learn.microsoft.com/azure/network-watcher/vnet-flow-logs-overview | S63: Improves monitoring and security for Azure and Hybrid connectivity | T63: 06b77be9-56a3-4d41-b362-8b295c5a283d | U63: Azure Service | V63: APRL | W63: Reliability
A64: Reviewed | B64: Resource | C64: Microsoft.Network/virtualNetworks | D64: 508d4c26-18a2-4b58-b83d-5535758910b0 | E64: sub1vnet-rg | F64: centralus | G64: sub1vnet | H64: /subscriptions/508d4c26-18a2-4b58-b83d-5535758910b0/resourcegroups/sub1vnet-rg/providers/microsoft.network/virtualnetworks/sub1vnet | I64: Missing Vnet Flow Log configuration | N64: Enable Virtual Network Flow Logs | O64: Medium | P64: Monitoring And Alerting | Q64: Improves monitoring and security for Azure connectivity | R64: https://learn.microsoft.com/azure/network-watcher/vnet-flow-logs-overview | S64: Improves monitoring and security for Azure and Hybrid connectivity | T64: 06b77be9-56a3-4d41-b362-8b295c5a283d | U64: Azure Service | V64: APRL | W64: Reliability
A65: Reviewed | B65: Resource | C65: Microsoft.DocumentDB/databaseAccounts | D65: 508d4c26-18a2-4b58-b83d-5535758910b0 | E65: scaa0 | F65: eastus2 | G65: cosmos-scaa0-eus2-dev-zzhkrt | H65: /subscriptions/508d4c26-18a2-4b58-b83d-5535758910b0/resourceGroups/scaa0/providers/Microsoft.DocumentDB/databaseAccounts/cosmos-scaa0-eus2-dev-zzhkrt | I65: East US 2 | N65: Enable availability zones | O65: High | P65: High Availability | Q65: Enhances high availability | R65: https://learn.microsoft.com/azure/reliability/reliability-cosmos-db-nosql | S65: When availability zones are configured, Azure Cosmos DB intelligently distributes the 4 replicas of your data across all available zones. It ensures that your Azure Cosmos DB can withstand an outage in one availability zone and remain fully operational throughout. | T65: 921631f6-ed59-49a5-94c1-f0f3ececa580 | U65: Azure Service | V65: APRL | W65: Reliability
A66: REQUIRED ACTIONS: Recommendation does not have automated validation._x000D_ This recommendation does not have automated validation. Since it cannot be validated automatically, follow these steps:_x000D_ 1. Review the Recommendation Title and Description to understand the recommendation. Use the "Read More" links for additional information._x000D_ 2. Open the Azure Portal and locate the potentially impacted resource using its Resource Name or ResourceId._x000D_ 3. Manually validate the resource._x000D_ 4. If the resource is not compliant with the recommendation, update this cell to "Reviewed"._x000D_ or_x000D_ 5. Delete this row if the resource is irrelevant or already compliant with the recommendation. | B66: Resource | C66: Microsoft.DocumentDB/databaseAccounts | D66: 508d4c26-18a2-4b58-b83d-5535758910b0 | E66: scaa0 | F66: eastus2 | G66: cosmos-scaa0-eus2-dev-zzhkrt | H66: /subscriptions/508d4c26-18a2-4b58-b83d-5535758910b0/resourceGroups/scaa0/providers/Microsoft.DocumentDB/databaseAccounts/cosmos-scaa0-eus2-dev-zzhkrt | N66: Monitor Cosmos DB health and set up alerts | O66: Medium | P66: Monitoring And Alerting | Q66: Proactive issue management | R66: https://learn.microsoft.com/azure/cosmos-db/create-alerts | S66: Monitoring the availability and responsiveness of Azure Cosmos DB resources and having alerts set up for your workload is a good practice. This ensures you stay proactive in handling unforeseen events. | T66: deaea200-013c-414b-ac9f-bfa7a7fb13f0 | U66: Azure Service | V66: APRL | W66: Reliability
A67: Reviewed | B67: Resource | C67: Microsoft.Search/searchServices | D67: 508d4c26-18a2-4b58-b83d-5535758910b0 | E67: scaa0 | F67: eastus2 | G67: srch-scaa0-eus2-dev-zzhkrt | H67: /subscriptions/508d4c26-18a2-4b58-b83d-5535758910b0/resourceGroups/scaa0/providers/Microsoft.Search/searchServices/srch-scaa0-eus2-dev-zzhkrt | I67: 1 | J67: eastus2 | N67: Enable AZ support in AI Search by configuring multiple replicas to your search service | O67: High | P67: High Availability | Q67: High availability | R67: https://learn.microsoft.com/azure/search/search-reliability#availability-zone-support | S67: Availability zones are used when adding multiple replicas to your search service. Each replica is assigned to a different zone in the region. If there are more replicas than zones, they are distributed as evenly as possible across the available zones. | T67: b376281d-bfec-4695-8f90-9a44544fdfa4 | U67: Azure Service | V67: APRL | W67: Reliability
A68: REQUIRED ACTIONS: Recommendation does not have automated validation._x000D_ This recommendation does not have automated validation. Since it cannot be validated automatically, follow these steps:_x000D_ 1. Review the Recommendation Title and Description to understand the recommendation. Use the "Read More" links for additional information._x000D_ 2. Open the Azure Portal and locate the potentially impacted resource using its Resource Name or ResourceId._x000D_ 3. Manually validate the resource._x000D_ 4. If the resource is not compliant with the recommendation, update this cell to "Reviewed"._x000D_ or_x000D_ 5. Delete this row if the resource is irrelevant or already compliant with the recommendation. | B68: Resource | C68: Microsoft.Search/searchServices | D68: 508d4c26-18a2-4b58-b83d-5535758910b0 | E68: scaa0 | F68: eastus2 | G68: srch-scaa0-eus2-dev-zzhkrt | H68: /subscriptions/508d4c26-18a2-4b58-b83d-5535758910b0/resourceGroups/scaa0/providers/Microsoft.Search/searchServices/srch-scaa0-eus2-dev-zzhkrt | N68: Enable Multi Region deployments for AI Search | O68: Medium | P68: High Availability | Q68: High availability | R68: https://learn.microsoft.com/azure/search/search-reliability#multiple-services-in-separate-geographic-regions | S68: Azure AI Search lacks automatic failover. For continuity and global reach, deploy multiple services in different regions. Sync data via indexers or REST APIs, and manage routing with Azure Traffic Manager. | T68: dff62efe-c3a3-4621-98b3-c877c65cb195 | U68: Azure Service | V68: APRL | W68: Reliability
A69: REQUIRED ACTIONS: ResourceType not available in APRL/Advisor._x000D_ This Resource Type does not have recommendations in APRL or Advisor, then follow these steps:_x000D_ 1. Manually validate this resource and create your own resiliency and/or reliability-related recommendations, if applicable._x000D_ 2. When creating a new recommendation, ensure the following fields are populated: Title, Impact, Potential Benefit, Description, ResourceType, and Learn More Link._x000D_ 3. Duplicate this row if you need to create more than one recommendation for the same resource._x000D_ 4. If the resource is not compliant with your recommendation, update this cell to "Reviewed"._x000D_ or_x000D_ 5. Delete this row if this resource is irrelevant or is already compliant with your recommendation. | B69: Resource | C69: microsoft.eventgrid/systemtopics | D69: 508d4c26-18a2-4b58-b83d-5535758910b0 | E69: mcapsgovernance | F69: westus2 | G69: mcapsb83d5535758910b0-84fe27b9-60c6-44e8-a98f-9de1efe22453 | H69: /subscriptions/508d4c26-18a2-4b58-b83d-5535758910b0/resourceGroups/mcapsgovernance/providers/Microsoft.EventGrid/systemTopics/mcapsb83d5535758910b0-84fe27b9-60c6-44e8-a98f-9de1efe22453 | O69: Low | P69: Other Best Practices | U69: Azure Service | V69: APRL | W69: Reliability
A70: REQUIRED ACTIONS: ResourceType not available in APRL/Advisor._x000D_ This Resource Type does not have recommendations in APRL or Advisor, then follow these steps:_x000D_ 1. Manually validate this resource and create your own resiliency and/or reliability-related recommendations, if applicable._x000D_ 2. When creating a new recommendation, ensure the following fields are populated: Title, Impact, Potential Benefit, Description, ResourceType, and Learn More Link._x000D_ 3. Duplicate this row if you need to create more than one recommendation for the same resource._x000D_ 4. If the resource is not compliant with your recommendation, update this cell to "Reviewed"._x000D_ or_x000D_ 5. Delete this row if this resource is irrelevant or is already compliant with your recommendation. | B70: Resource | C70: microsoft.eventgrid/systemtopics | D70: 508d4c26-18a2-4b58-b83d-5535758910b0 | E70: scaa0 | F70: eastus2 | G70: stscaa0eus2devzzhk-1a26f1be-00a3-4da0-975b-900a6f6bb6f8 | H70: /subscriptions/508d4c26-18a2-4b58-b83d-5535758910b0/resourceGroups/scaa0/providers/Microsoft.EventGrid/systemTopics/stscaa0eus2devzzhk-1a26f1be-00a3-4da0-975b-900a6f6bb6f8 | O70: Low | P70: Other Best Practices | U70: Azure Service | V70: APRL | W70: Reliability
A71: REQUIRED ACTIONS: ResourceType not available in APRL/Advisor._x000D_ This Resource Type does not have recommendations in APRL or Advisor, then follow these steps:_x000D_ 1. Manually validate this resource and create your own resiliency and/or reliability-related recommendations, if applicable._x000D_ 2. When creating a new recommendation, ensure the following fields are populated: Title, Impact, Potential Benefit, Description, ResourceType, and Learn More Link._x000D_ 3. Duplicate this row if you need to create more than one recommendation for the same resource._x000D_ 4. If the resource is not compliant with your recommendation, update this cell to "Reviewed"._x000D_ or_x000D_ 5. Delete this row if this resource is irrelevant or is already compliant with your recommendation. | B71: Resource | C71: microsoft.eventgrid/systemtopics | D71: 508d4c26-18a2-4b58-b83d-5535758910b0 | E71: monitoring | F71: eastus | G71: pauharritest0sa-96613d94-50ef-4fe8-838b-cab034350066 | H71: /subscriptions/508d4c26-18a2-4b58-b83d-5535758910b0/resourceGroups/monitoring/providers/Microsoft.EventGrid/systemTopics/pauharritest0sa-96613d94-50ef-4fe8-838b-cab034350066 | O71: Low | P71: Other Best Practices | U71: Azure Service | V71: APRL | W71: Reliability
A72: Reviewed | B72: Resource | C72: microsoft.network/virtualnetworks | D72: 508d4c26-18a2-4b58-b83d-5535758910b0 | E72: sub1vnet-rg | F72: centralus | G72: sub1vnet | H72: /subscriptions/508d4c26-18a2-4b58-b83d-5535758910b0/resourcegroups/sub1vnet-rg/providers/microsoft.network/virtualnetworks/sub1vnet | N72: Use NAT gateway for outbound connectivity | O72: Medium | P72: High Availability | T72: 56f0c458-521d-4b8b-a704-c0a099483d19 | U72: Azure Service | V72: ADVISOR | W72: Reliability
A73: Reviewed | B73: Resource | C73: microsoft.web/sites | D73: 508d4c26-18a2-4b58-b83d-5535758910b0 | E73: scaa0 | F73: eastus2 | G73: app-scaa0-eus2-dev-zzhkrt | H73: /subscriptions/508d4c26-18a2-4b58-b83d-5535758910b0/resourcegroups/scaa0/providers/microsoft.web/sites/app-scaa0-eus2-dev-zzhkrt | N73: Enable Health check for App Service | O73: High | P73: High Availability | T73: 72063b96-92fa-4b74-9457-b84b662155f9 | U73: Azure Service | V73: ADVISOR | W73: Reliability
A74: Reviewed | B74: Resource | C74: microsoft.web/serverfarms | D74: 508d4c26-18a2-4b58-b83d-5535758910b0 | E74: scaa0 | F74: eastus2 | G74: asp-scaa0-eus2-dev | H74: /subscriptions/508d4c26-18a2-4b58-b83d-5535758910b0/resourcegroups/scaa0/providers/microsoft.web/serverfarms/asp-scaa0-eus2-dev | N74: Use zone-supported App Service Plan | O74: High | P74: High Availability | T74: fac3022a-eda5-44b9-b54d-cb500d1d01dd | U74: Azure Service | V74: ADVISOR | W74: Reliability
A75: Reviewed | B75: Resource | C75: microsoft.web/sites | D75: 508d4c26-18a2-4b58-b83d-5535758910b0 | E75: scaa0 | F75: eastus2 | G75: asp-scaa0-eus2-dev | H75: /subscriptions/508d4c26-18a2-4b58-b83d-5535758910b0/resourcegroups/scaa0/providers/microsoft.web/serverfarms/asp-scaa0-eus2-dev | N75: Set minimum instance count for App Service to 2 | O75: High | P75: High Availability | T75: e987dcce-fd2c-4683-8abf-f1a34bbad737 | U75: Azure Service | V75: ADVISOR | W75: Reliability
A76: Reviewed | B76: Resource | C76: microsoft.web/sites | D76: 508d4c26-18a2-4b58-b83d-5535758910b0 | E76: scaa0 | F76: eastus2 | G76: asp-scaa0-eus2-dev | H76: /subscriptions/508d4c26-18a2-4b58-b83d-5535758910b0/resourcegroups/scaa0/providers/microsoft.web/serverfarms/asp-scaa0-eus2-dev | N76: Use Standard or Premium tier | O76: High | P76: High Availability | T76: dc298556-8232-4aa8-bfe0-5204c5017be0 | U76: Azure Service | V76: ADVISOR | W76: Reliability
A77: Reviewed | B77: Resource | C77: microsoft.storage/storageaccounts | D77: 508d4c26-18a2-4b58-b83d-5535758910b0 | E77: scaa0 | F77: eastus2 | G77: stscaa0eus2devzzhk | H77: /subscriptions/508d4c26-18a2-4b58-b83d-5535758910b0/resourcegroups/scaa0/providers/microsoft.storage/storageaccounts/stscaa0eus2devzzhk | N77: Enable zone redundancy for storage accounts to improve high availability and resiliency | O77: High | P77: High Availability | T77: 4c10f447-fc3d-48b5-931d-23cea8486023 | U77: Azure Service | V77: ADVISOR | W77: Reliability
A78: Reviewed | B78: Resource | C78: microsoft.storage/storageaccounts | D78: 508d4c26-18a2-4b58-b83d-5535758910b0 | E78: scaa0 | F78: eastus2 | G78: stscaa0eus2devzzhk | H78: /subscriptions/508d4c26-18a2-4b58-b83d-5535758910b0/resourcegroups/scaa0/providers/microsoft.storage/storageaccounts/stscaa0eus2devzzhk | N78: Enable Soft Delete to protect your blob data | O78: Medium | P78: High Availability | T78: 42dbf883-9e4b-4f84-9da4-232b87c4b5e9 | U78: Azure Service | V78: ADVISOR | W78: Reliability
A79: Reviewed | B79: Resource | C79: microsoft.search/searchservices | D79: 508d4c26-18a2-4b58-b83d-5535758910b0 | E79: scaa0 | F79: global | G79: srch-scaa0-eus2-dev-zzhkrt | H79: /subscriptions/508d4c26-18a2-4b58-b83d-5535758910b0/resourcegroups/scaa0/providers/microsoft.search/searchservices/srch-scaa0-eus2-dev-zzhkrt | N79: Add a replica for instance of the Azure AI Search | O79: Medium | P79: High Availability | T79: 98acf571-d0a4-4111-993c-829f91b8c71b | U79: Azure Service | V79: ADVISOR | W79: Reliability
A80: Reviewed | B80: Resource | C80: microsoft.network/virtualnetworks | D80: 508d4c26-18a2-4b58-b83d-5535758910b0 | E80: scaa0 | F80: eastus2 | G80: scaa0-vnet | H80: /subscriptions/508d4c26-18a2-4b58-b83d-5535758910b0/resourcegroups/scaa0/providers/microsoft.network/virtualnetworks/scaa0-vnet | N80: Use NAT gateway for outbound connectivity | O80: Medium | P80: High Availability | T80: 56f0c458-521d-4b8b-a704-c0a099483d19 | U80: Azure Service | V80: ADVISOR | W80: Reliability
A81: Reviewed | B81: Resource | C81: microsoft.documentdb/databaseaccounts | D81: 508d4c26-18a2-4b58-b83d-5535758910b0 | E81: scaa0 | F81: eastus2 | G81: cosmos-scaa0-eus2-dev-zzhkrt | H81: /subscriptions/508d4c26-18a2-4b58-b83d-5535758910b0/resourcegroups/scaa0/providers/microsoft.documentdb/databaseaccounts/cosmos-scaa0-eus2-dev-zzhkrt | N81: Improve resiliency by migrating your Azure Cosmos DB accounts to continuous backup | O81: Medium | P81: High Availability | T81: 52fef986-5897-4359-8b92-0f22749f0d73 | U81: Azure Service | V81: ADVISOR | W81: Reliability
A82: Reviewed | B82: Resource | C82: microsoft.network/virtualnetworks | D82: 508d4c26-18a2-4b58-b83d-5535758910b0 | E82: peeringtest-rg | F82: centralus | G82: sub1peeringvnet0 | H82: /subscriptions/508d4c26-18a2-4b58-b83d-5535758910b0/resourcegroups/peeringtest-rg/providers/microsoft.network/virtualnetworks/sub1peeringvnet0 | N82: Use NAT gateway for outbound connectivity | O82: Medium | P82: High Availability | T82: 56f0c458-521d-4b8b-a704-c0a099483d19 | U82: Azure Service | V82: ADVISOR | W82: Reliability
A83: Reviewed | B83: Resource | C83: microsoft.storage/storageaccounts | D83: 508d4c26-18a2-4b58-b83d-5535758910b0 | E83: monitoring | F83: eastus | G83: pauharritest0sa | H83: /subscriptions/508d4c26-18a2-4b58-b83d-5535758910b0/resourcegroups/monitoring/providers/microsoft.storage/storageaccounts/pauharritest0sa | N83: Enable zone redundancy for storage accounts to improve high availability and resiliency | O83: High | P83: High Availability | T83: 4c10f447-fc3d-48b5-931d-23cea8486023 | U83: Azure Service | V83: ADVISOR | W83: Reliability
... A86: Reviewed | B86: Resource | C86: microsoft.subscription/subscriptions | D86: 508d4c26-18a2-4b58-b83d-5535758910b0 | E86: N/A | F86: global | G86: 508d4c26-18a2-4b58-b83d-5535758910b0 | H86: /subscriptions/508d4c26-18a2-4b58-b83d-5535758910b0 | N86: Create an Azure Service Health alert | O86: High | P86: High Availability | T86: 242639fd-cd73-4be2-8f55-70478db8d1a5 | U86: Azure Service | V86: ADVISOR | W86: Reliability
A87: REQUIRED ACTIONS: Azure Service Health - Service Retirements._x000D_ This Service Health Retirement Notification was automatically imported to your workload review according to the Subscriptions being assessed and Services being used._x000D_ 1. Review and if necessary summarize the cell "Recommendation Title."_x000D_ 2. Retrieve the Resource Name and Resource ID of the impacted resources from the Azure Portal._x000D_ 3. If more resources are associated with the same Service Retirement Notification, duplicate this row and update it with the Resource Name and Resource ID for all applicable resources._x000D_ 4. Once completed, update this cell to "Reviewed"._x000D_ or_x000D_ 5. If this Service Retirement Notification is not relevant, delete this row. | B87: Retirements | C87: Microsoft Sentinel | D87: 508d4c26-18a2-4b58-b83d-5535758910b0 | E87: RG name not needed | F87: Location not needed | G87: Get ResourceName from Azure Portal | H87: Get ResourceID from Azure Portal | N87: Retirement update: Support for Microsoft Sentinel in the Azure portal has been extended to 31 March 2027 | O87: Medium | S87: You're receiving this notification because you're associated with one or more Azure subscriptions that use Microsoft Sentinel._x000D_ In July 2025, we announced that Microsoft Sentinel customers would need to migrate their environments from the Azure portal to the Microsoft Defender portal by 1 July 2026. Since then, we've received consistent feedback from customers that additional time is required to complete this transition._x000D_ To ensure all customers can migrate to the Defender portal without disruption, we're extending support for Microsoft Sentinel in the Azure portal to 31 March 2027._x000D_ If you've already migrated to the Defender portal, no further action is required._x000D_ | T87: GUID not needed | V87: Azure Service Health - Service Retirements | W87: Reliability | Y87: 8H7Z-GK8
A88: REQUIRED ACTIONS: Well-Architected Framework._x000D_ This is a generic recommendation from the Well-Architected Framework - Reliability pillar. It cannot be validated automatically and need information from the Discovery Workshop session._x000D_ 1. Review and update this row based on the Discovery Workshop Questionnaire._x000D_ 2. If this recommendation is applicable, update the "Impact" column according to the importance for the Workload and then update this cell to "Reviewed"._x000D_ or_x000D_ 3. If this recommendation is not relevant, delete this row. | B88: WAF | C88: Microsoft.Subscription/Subscriptions | G88: Entire Workload | N88: RE:01 Design your workload to align with business objectives | O88: Medium | P88: Other Best Practices | Q88: Meet business requirements | R88: https://learn.microsoft.com/azure/well-architected/reliability/simplify | S88: Design your workload to align with business objectives and avoid unnecessary complexity or overhead. Use a practical and balanced approach to make design decisions that deliver the desired results. Contain your design to the necessities to reduce inefficiencies and potential problems. | T88: 8c0a0a4c-9e34-41af-9f6d-89d8dc00370e | U88: Well Architected
A89: REQUIRED ACTIONS: Well-Architected Framework._x000D_ This is a generic recommendation from the Well-Architected Framework - Reliability pillar. It cannot be validated automatically and need information from the Discovery Workshop session._x000D_ 1. Review and update this row based on the Discovery Workshop Questionnaire._x000D_ 2. If this recommendation is applicable, update the "Impact" column according to the importance for the Workload and then update this cell to "Reviewed"._x000D_ or_x000D_ 3. If this recommendation is not relevant, delete this row. | B89: WAF | C89: Microsoft.Subscription/Subscriptions | G89: Entire Workload | N89: RE:02 Identify and rate user and system flows | O89: Medium | P89: High Availability | Q89: Align architecture with reliability goals | R89: https://learn.microsoft.com/azure/well-architected/reliability/identify-flows | S89: Identify and rate user and system flows. Use a criticality scale based on your business requirements to prioritize the flows. | T89: 74415e66-7baf-43f3-8def-164bc7b48215 | U89: Well Architected
A90: REQUIRED ACTIONS: Well-Architected Framework._x000D_ This is a generic recommendation from the Well-Architected Framework - Reliability pillar. It cannot be validated automatically and need information from the Discovery Workshop session._x000D_ 1. Review and update this row based on the Discovery Workshop Questionnaire._x000D_ 2. If this recommendation is applicable, update the "Impact" column according to the importance for the Workload and then update this cell to "Reviewed"._x000D_ or_x000D_ 3. If this recommendation is not relevant, delete this row. | B90: WAF | C90: Microsoft.Subscription/Subscriptions | G90: Entire Workload | N90: RE:03 Use failure mode analysis to identify and prioritize potential failures | O90: Medium | P90: Other Best Practices | Q90: Reduce risk of unpredicted behavior | R90: https://learn.microsoft.com/azure/well-architected/reliability/failure-mode-analysis | S90: Use failure mode analysis (FMA) to identify and prioritize potential failures in your solution components. Perform FMA to help you assess the risk and effect of each failure mode. Determine how the workload responds and recovers. | T90: f5fbe3d4-7196-46b8-9b09-0e29e7cf43ac | U90: Well Architected
A91: REQUIRED ACTIONS: Well-Architected Framework._x000D_ This is a generic recommendation from the Well-Architected Framework - Reliability pillar. It cannot be validated automatically and need information from the Discovery Workshop session._x000D_ 1. Review and update this row based on the Discovery Workshop Questionnaire._x000D_ 2. If this recommendation is applicable, update the "Impact" column according to the importance for the Workload and then update this cell to "Reviewed"._x000D_ or_x000D_ 3. If this recommendation is not relevant, delete this row. | B91: WAF | C91: Microsoft.Subscription/Subscriptions | G91: Entire Workload | N91: RE:04 Define reliability and recovery targets | O91: Medium | P91: High Availability | Q91: Communicate reliability expectations with stakeholders | R91: https://learn.microsoft.com/azure/well-architected/reliability/metrics | S91: Define reliability and recovery targets for the components, the flows, and the overall solution. Use the defined targets to build the health model. The health model defines what healthy, degraded, and unhealthy states look like. | T91: 2c41b97c-af27-47b5-aafb-81bbf95fe8ba | U91: Well Architected
A92: REQUIRED ACTIONS: Well-Architected Framework._x000D_ This is a generic recommendation from the Well-Architected Framework - Reliability pillar. It cannot be validated automatically and need information from the Discovery Workshop session._x000D_ 1. Review and update this row based on the Discovery Workshop Questionnaire._x000D_ 2. If this recommendation is applicable, update the "Impact" column according to the importance for the Workload and then update this cell to "Reviewed"._x000D_ or_x000D_ 3. If this recommendation is not relevant, delete this row. | B92: WAF | C92: Microsoft.Subscription/Subscriptions | G92: Entire Workload | N92: RE:05 Design for redundancy | O92: Medium | P92: High Availability | Q92: Optimize for resiliency | R92: https://learn.microsoft.com/azure/well-architected/reliability/redundancy | S92: Add redundancy at different levels, especially for critical flows. Apply redundancy to the compute, data, network, and other infrastructure tiers in accordance with the identified reliability targets. | T92: e404ef3f-e427-4e43-a1df-09da987e744f | U92: Well Architected
A93: REQUIRED ACTIONS: Well-Architected Framework._x000D_ This is a generic recommendation from the Well-Architected Framework - Reliability pillar. It cannot be validated automatically and need information from the Discovery Workshop session._x000D_ 1. Review and update this row based on the Discovery Workshop Questionnaire._x000D_ 2. If this recommendation is applicable, update the "Impact" column according to the importance for the Workload and then update this cell to "Reviewed"._x000D_ or_x000D_ 3. If this recommendation is not relevant, delete this row. | B93: WAF | C93: Microsoft.Subscription/Subscriptions | G93: Entire Workload | N93: RE:05 Design for multi-region high availability | O93: Medium | P93: High Availability | Q93: Minimize downtime from regional outages | R93: https://learn.microsoft.com/azure/well-architected/reliability/highly-available-multi-region-design | S93: High availability is a foundational tenet of designing for reliability. A highly available architecture can help you avoid downtime as much as possible and recover efficiently if downtime does occur. | T93: df93ae26-260e-408f-860c-42cd189f8bf8 | U93: Well Architected
A94: REQUIRED ACTIONS: Well-Architected Framework._x000D_ This is a generic recommendation from the Well-Architected Framework - Reliability pillar. It cannot be validated automatically and need information from the Discovery Workshop session._x000D_ 1. Review and update this row based on the Discovery Workshop Questionnaire._x000D_ 2. If this recommendation is applicable, update the "Impact" column according to the importance for the Workload and then update this cell to "Reviewed"._x000D_ or_x000D_ 3. If this recommendation is not relevant, delete this row. | B94: WAF | C94: Microsoft.Subscription/Subscriptions | G94: Entire Workload | N94: RE:05 Design for high availability with availability zones | O94: Medium | P94: High Availability | Q94: Minimize downtime from zonal outages | R94: https://learn.microsoft.com/azure/well-architected/reliability/regions-availability-zones | S94: High availability is a foundational tenet of designing for reliability. A highly available architecture can help you avoid downtime as much as possible and recover efficiently if downtime does occur. | T94: 3d6adb0a-042f-47f7-a7ea-db2e360903d5 | U94: Well Architected
A95: REQUIRED ACTIONS: Well-Architected Framework._x000D_ This is a generic recommendation from the Well-Architected Framework - Reliability pillar. It cannot be validated automatically and need information from the Discovery Workshop session._x000D_ 1. Review and update this row based on the Discovery Workshop Questionnaire._x000D_ 2. If this recommendation is applicable, update the "Impact" column according to the importance for the Workload and then update this cell to "Reviewed"._x000D_ or_x000D_ 3. If this recommendation is not relevant, delete this row. | B95: WAF | C95: Microsoft.Subscription/Subscriptions | G95: Entire Workload | N95: RE:06 Design for data partitioning | O95: Medium | P95: High Availability | Q95: Improve data estate reliability | R95: https://learn.microsoft.com/azure/well-architected/reliability/partition-data | S95: Partitioning data improves scalability, reduces contention, and optimizes performance. Implement data partitioning to divide data by usage pattern. | T95: 7f0b9ea3-0159-4ea7-b854-a4313fe76d7f | U95: Well Architected
A96: REQUIRED ACTIONS: Well-Architected Framework._x000D_ This is a generic recommendation from the Well-Architected Framework - Reliability pillar. It cannot be validated automatically and need information from the Discovery Workshop session._x000D_ 1. Review and update this row based on the Discovery Workshop Questionnaire._x000D_ 2. If this recommendation is applicable, update the "Impact" column according to the importance for the Workload and then update this cell to "Reviewed"._x000D_ or_x000D_ 3. If this recommendation is not relevant, delete this row. | B96: WAF | C96: Microsoft.Subscription/Subscriptions | G96: Entire Workload | N96: RE:06 Design for reliable scaling | O96: Medium | P96: Scalability | Q96: Dynamically handle increased load | R96: https://learn.microsoft.com/azure/well-architected/reliability/scaling | S96: Implement a timely and reliable scaling strategy at the application, data, and infrastructure levels. | T96: 340fe5c3-d599-448a-8e52-15e96771a3f0 | U96: Well Architected
A97: REQUIRED ACTIONS: Well-Architected Framework._x000D_ This is a generic recommendation from the Well-Architected Framework - Reliability pillar. It cannot be validated automatically and need information from the Discovery Workshop session._x000D_ 1. Review and update this row based on the Discovery Workshop Questionnaire._x000D_ 2. If this recommendation is applicable, update the "Impact" column according to the importance for the Workload and then update this cell to "Reviewed"._x000D_ or_x000D_ 3. If this recommendation is not relevant, delete this row. | B97: WAF | C97: Microsoft.Subscription/Subscriptions | G97: Entire Workload | N97: RE:07 Implement self-preservation and self-healing measures | O97: Medium | P97: High Availability | Q97: Reduce the likelihood of outages | R97: https://learn.microsoft.com/azure/well-architected/reliability/self-preservation | S97: Strengthen the resiliency and recoverability of your workload by implementing self-preservation and self-healing measures. Self-healing capabilities help you avoid downtime by building in failure detection and automatic corrective actions to respond to different failure types. | T97: 7b5008cf-1853-44c4-827d-bca091678c3f | U97: Well Architected
A98: REQUIRED ACTIONS: Well-Architected Framework._x000D_ This is a generic recommendation from the Well-Architected Framework - Reliability pillar. It cannot be validated automatically and need information from the Discovery Workshop session._x000D_ 1. Review and update this row based on the Discovery Workshop Questionnaire._x000D_ 2. If this recommendation is applicable, update the "Impact" column according to the importance for the Workload and then update this cell to "Reviewed"._x000D_ or_x000D_ 3. If this recommendation is not relevant, delete this row. | B98: WAF | C98: Microsoft.Subscription/Subscriptions | G98: Entire Workload | N98: RE:08 Design a reliability testing strategy | O98: Medium | P98: Other Best Practices | Q98: Validate and optimize workload reliability | R98: https://learn.microsoft.com/azure/well-architected/reliability/testing-strategy | S98: Test resiliency and availability scenarios by applying the principles of chaos engineering in your test and production environments. Use testing to ensure that your graceful degradation implementation and scaling strategies are effective by performing active malfunction and simulated load testing. | T98: 7db74a6a-4062-46a8-a0cd-18684fb0ec08 | U98: Well Architected
A99: REQUIRED ACTIONS: Well-Architected Framework._x000D_ This is a generic recommendation from the Well-Architected Framework - Reliability pillar. It cannot be validated automatically and need information from the Discovery Workshop session._x000D_ 1. Review and update this row based on the Discovery Workshop Questionnaire._x000D_ 2. If this recommendation is applicable, update the "Impact" column according to the importance for the Workload and then update this cell to "Reviewed"._x000D_ or_x000D_ 3. If this recommendation is not relevant, delete this row. | B99: WAF | C99: Microsoft.Subscription/Subscriptions | G99: Entire Workload | N99: RE:09 Implement business continuity and disaster recovery plan | O99: Medium | P99: Disaster Recovery | Q99: Reliable disaster recovery | R99: https://learn.microsoft.com/azure/well-architected/reliability/disaster-recovery | S99: Implement structured, tested, and documented business continuity and disaster recovery (BCDR) plans that align with the recovery targets. Plans must cover all components and the system as a whole. | T99: 5f95df03-cae2-4761-90b7-7afd657ac124 | U99: Well Architected
A100: REQUIRED ACTIONS: Well-Architected Framework._x000D_ This is a generic recommendation from the Well-Architected Framework - Reliability pillar. It cannot be validated automatically and need information from the Discovery Workshop session._x000D_ 1. Review and update this row based on the Discovery Workshop Questionnaire._x000D_ 2. If this recommendation is applicable, update the "Impact" column according to the importance for the Workload and then update this cell to "Reviewed"._x000D_ or_x000D_ 3. If this recommendation is not relevant, delete this row. | B100: WAF | C100: Microsoft.Subscription/Subscriptions | G100: Entire Workload | N100: RE:10 Design a reliable monitoring and alerting strategy | O100: Medium | P100: Monitoring And Alerting | Q100: Observability into workload health | R100: https://learn.microsoft.com/azure/well-architected/reliability/monitoring-alerting-strategy | S100: Measure and publish the solution's health indicators. Continuously capture uptime and other reliability data from across the workload and also from individual components and key flows. | T100: 90adebf7-bc90-4939-9aa8-119c46bee0fc | U100: Well Architected
A101: REQUIRED ACTIONS: Architectural and Reliability Design Patterns Recommendations_x000D_ This row is just an example. Modify it and create your own personalized recommendations for architecture and/or reliability design patterns._x000D_ 1. Create new custom recommendations based on the Discovery Workshop Questionnaire._x000D_ 2. Associate it with the SubscriptionId and "Microsoft.Subscription/Subscriptions" as the associated "resourceType", or any resource and ResourceType that you consider applicable._x000D_ 3. Once completed, update this cell to "Reviewed"._x000D_ or_x000D_ 4. Delete this row if no personalized/custom recommendations will be provided. | B101: Architectural | C101: Microsoft.Subscription/Subscriptions | O101: Low | P101: Governance

Sheet 5.PlatformIssuesAnalysis
B5: Reviewed | C5: =COUNTIF(A:A,"Reviewed") -> 0
B6: Pending | C6: =COUNTIFS(A:A,"<>Reviewed",A:A,"<>")-1 -> 1
B7: Total | C7: =SUM(C5:C6) -> 1
A12: REQUIRED ACTIONS / REVIEW STATUS | B12: Tracking ID | C12: Event Type | D12: Event Source | E12: Status | F12: Title | G12: Level | H12: Event Level | I12: Start Time | J12: Mitigation Time | K12: Impacted Service | L12: What happened | M12: What went wrong and why | N12: How did we respond | O12: How are we making incidents like this less likely or less impactful | P12: How can customers make incidents like this less impactful
A13: REQUIRED ACTIONS: Review Platform Issue and create recommendations._x000D_ This Platform Issue may have affected the workload, since it cannot be validated automatically, follow these steps:_x000D_ 1. Review all information about the Platform Issue._x000D_ 2. Discuss with the Account Team/Workload Owner if this Platform Issue affected the workload and how, you can also check if there are associated Support Requests._x000D_ 3. If this issue affected the workload, create recommendations in the "4.ImpactedResourcesAnalysis" worksheet based on the "How can customers make incidents like this less impactful" field. You can associate the recommendation(s) with the Workload or individual resources._x000D_ 4. If the recommendation(s) already exists, simply add the TrackingID to the respective column of the associated Recommendation(s)._x000D_ or_x000D_ 5. Delete this row if the workload was not affected by this Platform Issue.

Sheet 6.SupportRequestsAnalysis
B5: Reviewed | C5: =COUNTIF(A:A,"Reviewed") -> 0
B6: Pending | C6: =COUNTIFS(A:A,"<>Reviewed",A:A,"<>")-1 -> 1
B7: Total | C7: =SUM(C5:C6) -> 1
A12: REQUIRED ACTIONS / REVIEW STATUS | B12: Ticket ID | C12: Severity | D12: Status | E12: Support Plan Type | F12: Creation Date | G12: Modified Date | H12: Title | I12: Related Resource
A13: REQUIRED ACTIONS: Review Customer Support Requests and create recommendations._x000D_ This Customer Support Request is associated with the Subscription of the workload, since it cannot be validated automatically, follow these steps:_x000D_ 1. Review all information about the Support Request in the Azure Portal._x000D_ 2. Discuss with Workload Owner if this Support Request affected the workload and how._x000D_ 3. If this Support Request was relevant for the workload, create recommendations in the "4.ImpactedResourcesAnalysis" worksheet based on it was resolved. You can associate the recommendation(s) with the Workload or individual resources. The goal is to make sure other resources or services follow the Microsoft recommendation/solution and prevent this incident from happening again._x000D_ 4. If the recommendation(s) already exists, simply add the TicketID to the respective column of the associated Recommendation(s)._x000D_ or_x000D_ 5. Delete this row if the workload was not affected, associated with this Support Request.
